score_phrase,title,url,score,genre,release_year,release_month,release_day
Amazing,LittleBigPlanet PS Vita,/games/littlebigplanet-vita/vita-98907,9,Platformer,2012,9,12
Amazing,LittleBigPlanet PS Vita -- Marvel Super Hero Edition,/games/littlebigplanet-ps-vita-marvel-super-hero-edition/vita-20027059,9,Platformer,2012,9,12
Great,Splice: Tree of Life,/games/splice/ipad-141070,8.5,Puzzle,2012,9,12
Great,NHL 13,/games/nhl-13/xbox-360-128182,8.5,Sports,2012,9,11
Great,NHL 13,/games/nhl-13/ps3-128181,8.5,Sports,2012,9,11
Good,Total War Battles: Shogun,/games/total-war-battles-shogun/mac-142565,7,Strategy,2012,9,11
Awful,Double Dragon: Neon,/games/double-dragon-neon/xbox-360-131320,3,Fighting,2012,9,11
Amazing,Guild Wars 2,/games/guild-wars-2/pc-896298,9,RPG,2012,9,11
Awful,Double Dragon: Neon,/games/double-dragon-neon/ps3-131321,3,Fighting,2012,9,11
Good,Total War Battles: Shogun,/games/total-war-battles-shogun/pc-142564,7,Strategy,2012,9,11
Good,Tekken Tag Tournament 2,/games/tekken-tag-tournament-2/ps3-124584,7.5,Fighting,2012,9,11
Good,Tekken Tag Tournament 2,/games/tekken-tag-tournament-2/xbox-360-124581,7.5,Fighting,2012,9,11
Good,Wild Blood,/games/wild-blood/iphone-139363,7,,2012,9,10
Amazing,Mark of the Ninja,/games/mark-of-the-ninja-135615/xbox-360-129276,9,"Action, Adventure",2012,9,7
Amazing,Mark of the Ninja,/games/mark-of-the-ninja-135615/pc-143761,9,"Action, Adventure",2012,9,7
Okay,Home: A Unique Horror Adventure,/games/home-a-unique-horror-adventure/mac-20014750,6.5,Adventure,2012,9,6
Okay,Home: A Unique Horror Adventure,/games/home-a-unique-horror-adventure/pc-137135,6.5,Adventure,2012,9,6
Great,Avengers Initiative,/games/avengers-initiative/iphone-141579,8,Action,2012,9,5
Mediocre,Way of the Samurai 4,/games/way-of-the-samurai-4/ps3-23516,5.5,"Action, Adventure",2012,9,3
Good,JoJo's Bizarre Adventure HD,/games/jojos-bizarre-adventure/xbox-360-137717,7,Fighting,2012,9,3
Good,JoJo's Bizarre Adventure HD,/games/jojos-bizarre-adventure/ps3-137896,7,Fighting,2012,9,3
Good,Mass Effect 3: Leviathan,/games/mass-effect-3-leviathan/xbox-360-138918,7.5,RPG,2012,8,31
Good,Mass Effect 3: Leviathan,/games/mass-effect-3-leviathan/ps3-138915,7.5,RPG,2012,8,31
Good,Mass Effect 3: Leviathan,/games/mass-effect-3-leviathan/pc-138919,7.5,RPG,2012,8,31
Amazing,Dark Souls (Prepare to Die Edition),/games/dark-souls-prepare-to-die-edition/pc-131930,9,"Action, RPG",2012,8,31
Good,Symphony,/games/symphony/pc-136470,7,Shooter,2012,8,30
Amazing,Bastion,/games/bastion/ipad-140874,9,"Action, RPG",2012,8,30
Good,Tom Clancy's Ghost Recon Phantoms,/games/tom-clancys-ghost-recon-online/pc-109114,7.5,Shooter,2012,8,29
Great,Thirty Flights of Loving,/games/thirty-flights-of-loving/pc-138374,8,Adventure,2012,8,29
Okay,Legasista,/games/legasista/ps3-127147,6.5,"Action, RPG",2012,8,28
Amazing,The Walking Dead: The Game -- Episode 3: Long Road Ahead,/games/the-walking-dead-season-1-episode-3/mac-135875,9,Adventure,2012,8,28
Great,World of Warcraft: Mists of Pandaria,/games/world-of-warcraft-mists-of-pandaria/pc-114681,8.7,RPG,2012,10,4
Bad,Hell Yeah! Wrath of the Dead Rabbit,/games/hell-yeah-wrath-of-the-dead-rabbit/ps3-129409,4.9,Platformer,2012,10,4
Amazing,Pokemon White Version 2,/games/pokemon-white-version-2/nds-129228,9.6,RPG,2012,10,3
Good,War of the Roses,/games/war-of-the-roses-140577/pc-115849,7.3,Action,2012,10,3
Amazing,Pokemon Black Version 2,/games/pokemon-black-version-2/nds-129224,9.6,RPG,2012,10,3
Okay,Drakerider,/games/drakerider/iphone-135745,6.5,RPG,2012,10,3
Amazing,The Walking Dead: The Game -- Episode 3: Long Road Ahead,/games/the-walking-dead-season-1-episode-3/xbox-360-135872,9,Adventure,2012,8,28
Amazing,The Walking Dead: The Game -- Episode 3: Long Road Ahead,/games/the-walking-dead-season-1-episode-3/pc-135874,9,Adventure,2012,8,28
Amazing,The Walking Dead: The Game -- Episode 3: Long Road Ahead,/games/the-walking-dead-season-1-episode-3/ps3-135873,9,Adventure,2012,8,28
Great,Rock Band Blitz,/games/rock-band-blitz/xbox-360-131273,8.5,Music,2012,8,27
Great,Counter-Strike: Global Offensive,/games/counter-strike-global-offensive/mac-116695,8,Shooter,2012,8,27
Great,Worms Revolution,/games/worms-revolution/ps3-131184,8.5,Strategy,2012,10,2
Great,Worms Revolution,/games/worms-revolution/pc-131183,8.5,Strategy,2012,10,2
Great,Worms Revolution,/games/worms-revolution/xbox-360-131185,8.5,Strategy,2012,10,2
Amazing,Bad Piggies,/games/bad-piggies/iphone-141455,9.2,Action,2012,10,1
Good,Resident Evil 6,/games/resident-evil-6/ps3-85710,7.9,"Action, Adventure",2012,10,1
Good,Resident Evil 6,/games/resident-evil-6/xbox-360-117995,7.9,"Action, Adventure",2012,10,1
Good,Shad'O,/games/shado/pc-141293,7,Adventure,2012,9,28
Okay,Demon's Score,/games/demons-score/iphone-118050,6.9,Action,2012,9,27
Amazing,NBA 2K13,/games/nba-2k13/xbox-360-132080,9.1,Sports,2012,9,27
Great,Counter-Strike: Global Offensive,/games/counter-strike-global-offensive/pc-115451,8,Shooter,2012,8,27
Amazing,The World Ends with You: Solo Remix,/games/the-world-ends-with-you-solo-remix/ipad-140661,9.5,RPG,2012,8,27
Great,Counter-Strike: Global Offensive,/games/counter-strike-global-offensive/ps3-115453,8,Shooter,2012,8,27
Amazing,The World Ends with You: Solo Remix,/games/the-world-ends-with-you-solo-remix/iphone-140269,9.5,RPG,2012,8,27
Great,Counter-Strike: Global Offensive,/games/counter-strike-global-offensive/xbox-360-115452,8,Shooter,2012,8,27
Okay,Madden NFL 13,/games/madden-nfl-2013/vita-128100,6,Sports,2012,8,24
Amazing,Madden NFL 13,/games/madden-nfl-2013/ps3-128098,9,Sports,2012,8,24
Amazing,Madden NFL 13,/games/madden-nfl-2013/xbox-360-128097,9,Sports,2012,8,24
Painful,Hoodwink,/games/hoodwink/pc-136672,2.5,Adventure,2012,8,23
Amazing,NBA 2K13,/games/nba-2k13/ps3-132077,9.1,Sports,2012,9,27
Amazing,NBA 2K13,/games/nba-2k13/pc-140490,9.1,Sports,2012,9,27
Good,Lili: Child of Geos,/games/lili/iphone-138013,7,Adventure,2012,9,26
Great,Marvel vs. Capcom Origins,/games/marvel-vs-capcom-origins/xbox-360-137157,8.2,Fighting,2012,9,26
Great,Marvel vs. Capcom Origins,/games/marvel-vs-capcom-origins/ps3-137160,8.2,Fighting,2012,9,26
Great,Dead or Alive 5,/games/dead-or-alive-5/ps3-117918,8.8,Fighting,2012,9,25
Great,Dead or Alive 5,/games/dead-or-alive-5/xbox-360-866449,8.8,Fighting,2012,9,25
Bad,Medal of Honor Warfighter,/games/medal-of-honor-warfighter/pc-101082,4,Shooter,2012,10,26
Great,Professor Layton and the Miracle Mask,/games/professor-layton-and-the-mask-of-miracle/3ds-77742,8.7,Adventure,2012,10,26
Great,Hotline Miami,/games/hotline-miami/pc-139657,8.8,Action,2012,10,26
Okay,Edna & Harvey: Harvey's New Eyes,/games/edna-harvey-harveys-new-eyes/pc-145776,6,Adventure,2012,10,26
Bad,Medal of Honor Warfighter,/games/medal-of-honor-warfighter/ps3-101085,4,Shooter,2012,10,26
Bad,Medal of Honor Warfighter,/games/medal-of-honor-warfighter/xbox-360-101086,4,Shooter,2012,10,26
Great,Transformers: Fall of Cybertron,/games/transformers-fall-of-cybertron/xbox-360-92426,8.5,Shooter,2012,8,21
Great,Transformers: Fall of Cybertron,/games/transformers-fall-of-cybertron/ps3-92425,8.5,Shooter,2012,8,21
Amazing,Hero Academy,/games/hero-academy-136971/pc-122908,9,Board,2012,8,20
Amazing,Hero Academy,/games/hero-academy-136971/iphone-122803,9,Strategy,2012,8,20
Amazing,Puzzle Craft,/games/puzzlecraft/iphone-134348,9,Puzzle,2012,8,17
Mediocre,Realms Of Ancient War,/games/realms-of-ancient-war/xbox-360-111182,5.5,Action,2012,9,24
Mediocre,Realms Of Ancient War,/games/realms-of-ancient-war/ps3-111181,5.5,Action,2012,9,24
Great,Anomaly: Warzone Earth,/games/anomaly-warzone-earth/ps3-138479,8.2,Action,2012,9,23
Good,Darksiders II,/games/darksiders-2/pc-91963,7.5,Action,2012,8,17
Good,Left 4 Dead 2: Cold Stream,/games/left-4-dead-2-cold-stream/mac-140189,7,Shooter,2012,8,17
Good,Left 4 Dead 2: Cold Stream,/games/left-4-dead-2-cold-stream/pc-140187,7,Shooter,2012,8,17
Amazing,Puzzle Craft,/games/puzzlecraft/android-134352,9,Puzzle,2012,8,17
Good,Left 4 Dead 2: Cold Stream,/games/left-4-dead-2-cold-stream/xbox-360-140188,7,Shooter,2012,8,17
Amazing,Horn,/games/horn/iphone-136814,9,"Action, Adventure",2012,8,16
Amazing,Forza Horizon,/games/forza-horizon/xbox-360-129564,9,Racing,2012,10,12
Bad,FIFA Soccer 13,/games/fifa-2013/vita-115689,4,Sports,2012,10,12
Awful,Mugen Souls,/games/mugen-souls/ps3-120256,3.9,"Strategy, RPG",2012,10,12
Good,Crazy Taxi,/games/crazy-taxi/iphone-144755,7.1,"Racing, Action",2012,10,11
Mediocre,New Little King's Story,/games/new-kings-story/vita-116369,5.8,RPG,2012,10,11
Good,Fable: The Journey,/games/fable-the-journey/xbox-360-27948,7.2,"Action, RPG",2012,10,9
Great,The Lord of the Rings Online: Riders of Rohan,/games/the-lord-of-the-rings-online-riders-of-rohan/pc-127207,8.3,RPG,2012,10,26
Good,Doom 3: BFG Edition,/games/doom-3/xbox-360-135333,7.6,RPG,2012,10,25
Okay,Rugby League Live 2,/games/rugby-league-live-2/xbox-360-136983,6,Sports,2012,10,25
Okay,Rugby League Live 2,/games/rugby-league-live-2/ps3-136984,6,Sports,2012,10,25
Good,Doom 3: BFG Edition,/games/doom-3/ps3-135329,7.6,RPG,2012,10,25
Amazing,Punch Quest,/games/punch-quest/iphone-136667,9.3,Action,2012,10,25
Okay,He-Man: The Most Powerful Game in the Universe,/games/he-man-the-most-powerful-game-in-the-universe/iphone-144763,6.8,Action,2012,10,25
Good,Doom 3: BFG Edition,/games/doom-3/pc-135338,7.6,RPG,2012,10,25
Great,Dokuro,/games/dokuro/vita-130906,8.8,Puzzle,2012,10,19
Painful,Naughty Bear: Panic in Paradise,/games/naughty-bear-panic-in-paradise/xbox-360-135404,2.3,Action,2012,10,18
Painful,Naughty Bear: Panic in Paradise,/games/naughty-bear-panic-in-paradise/ps3-135407,2.3,Action,2012,10,18
Good,Borderlands 2: Captain Scarlett and her Pirate's Booty,/games/borderlands-2-captain-scarlett-and-her-pirates-booty/ps3-145419,7.5,"Shooter, RPG",2012,10,18
Great,Skylanders Giants,/games/skylanders-giants/ps3-128142,8,"Action, Adventure",2012,10,18
Good,Borderlands 2: Captain Scarlett and her Pirate's Booty,/games/borderlands-2-captain-scarlett-and-her-pirates-booty/pc-145418,7.5,"Shooter, RPG",2012,10,18
Great,Rayman: Jungle Run,/games/rayman-jungle-run/iphone-141641,8.8,Platformer,2012,9,20
Amazing,FIFA Soccer 13,/games/fifa-2013/pc-115688,9,Sports,2012,9,20
Amazing,FIFA Soccer 13,/games/fifa-2013/ps3-115679,9,Sports,2012,9,20
Amazing,Torchlight II,/games/torchlight-ii/pc-82633,9.1,"Action, RPG",2012,9,20
Amazing,FIFA Soccer 13,/games/fifa-2013/xbox-360-115691,9,Sports,2012,9,20
Bad,The Sims 3: Supernatural,/games/the-sims-3-supernatural/pc-136180,4.5,Simulation,2012,9,19
Good,Retro/Grade,/games/retrograde-138590/ps3-21766,7,,2012,8,15
Amazing,Iron Brigade,/games/iron-brigade/pc-121033,9,Action,2012,8,15
Okay,Cafeteria Nipponica,/games/cafeteria-nipponica/iphone-139633,6,Simulation,2012,8,15
Great,Sleeping Dogs,/games/sleeping-dogs/xbox-360-14279324,8.5,Action,2012,8,14
Great,Sleeping Dogs,/games/sleeping-dogs/ps3-55068,8.5,Action,2012,8,14
Good,Darksiders II,/games/darksiders-2/ps3-14336767,7.5,Action,2012,8,14
Bad,Papo & Yo,/games/papo-and-yo/ps3-110267,4,Adventure,2012,8,14
Good,The Walking Dead: The Game -- Episode 4: Around Every Corner,/games/the-walking-dead-season-1-episode-4/pc-135879,7.5,Adventure,2012,10,9
Good,The Walking Dead: The Game -- Episode 4: Around Every Corner,/games/the-walking-dead-season-1-episode-4/ipad-135882,7.5,Adventure,2012,10,9
Good,The Walking Dead: The Game -- Episode 4: Around Every Corner,/games/the-walking-dead-season-1-episode-4/ps3-135880,7.5,Adventure,2012,10,9
Mediocre,Cortex Command,/games/cortex-command/pc-14333880,5,"Action, Simulation",2012,10,9
Good,The Walking Dead: The Game -- Episode 4: Around Every Corner,/games/the-walking-dead-season-1-episode-4/xbox-360-135881,7.5,Adventure,2012,10,9
Good,Derrick the Deathfin,/games/derrick-the-deathfin-133942/ps3-129921,7.4,Action,2012,10,9
Good,The Walking Dead: The Game -- Episode 4: Around Every Corner,/games/the-walking-dead-season-1-episode-4/mac-135878,7.5,Adventure,2012,10,9
Great,XCOM: Enemy Unknown,/games/xcom-enemy-unknown/xbox-360-126074,8.2,Strategy,2012,10,8
Great,XCOM: Enemy Unknown,/games/xcom-enemy-unknown/pc-126070,8.2,Strategy,2012,10,8
Okay,Silent Hill: Book of Memories,/games/silent-hill-book-of-memories/vita-110040,6,Adventure,2012,10,24
Good,Diaspora: Shattered Armistice,/games/diaspora-shattered-armistice/pc-145951,7.4,"Flight, Action",2012,10,24
Okay,Pocket Clothier,/games/pocket-clothier/iphone-145621,6.6,Strategy,2012,10,24
Okay,Pocket Clothier,/games/pocket-clothier/android-145958,6.6,Strategy,2012,10,24
Okay,Ravaged,/games/ravaged-135376/pc-128650,6.7,Shooter,2012,10,23
Okay,True Skate,/games/true-skate/iphone-145482,6.7,Sports,2012,10,23
Amazing,Zero Escape: Virtue's Last Reward,/games/virtues-last-reward/3ds-116383,9.5,Adventure,2012,10,23
Amazing,Zero Escape: Virtue's Last Reward,/games/virtues-last-reward/vita-116380,9.5,Adventure,2012,10,23
Amazing,The Walking Dead: The Game -- Episode 3: Long Road Ahead,/games/the-walking-dead-season-1-episode-3/ipad-135871,9,Adventure,2012,10,22
Great,Skylanders Giants,/games/skylanders-giants/xbox-360-128140,8,"Action, Adventure",2012,10,18
Great,Skylanders Giants,/games/skylanders-giants/wii-128141,8,"Action, Adventure",2012,10,18
Good,Borderlands 2: Captain Scarlett and her Pirate's Booty,/games/borderlands-2-captain-scarlett-and-her-pirates-booty/xbox-360-145420,7.5,"Shooter, RPG",2012,10,18
Great,Devil's Attorney,/games/devils-attorney/android-145462,8.3,Strategy,2012,10,17
Great,Devil's Attorney,/games/devils-attorney/iphone-145099,8.3,Strategy,2012,10,17
Okay,Code of Princess,/games/code-of-princess-135813/3ds-125676,6.9,"Action, RPG",2012,10,17
Great,SunFlowers,/games/sun-flowers-134128/vita-132435,8,Puzzle,2012,10,17
Bad,007 Legends,/games/007-legends/xbox-360-132394,4.5,Action,2012,10,16
Amazing,Super Hexagon,/games/super-hexagon/iphone-143440,9,Action,2012,9,19
Great,Machinarium,/games/machinarium/ps3-110942,8,Adventure,2012,9,18
Great,Final Fantasy Dimensions,/games/final-fantasy-dimensions/iphone-135306,8,RPG,2012,9,18
Great,They Bleed Pixels,/games/they-bleed-pixels/pc-141012,8.2,Platformer,2012,9,18
Good,Jet Set Radio,/games/jet-set-radio/vita-135073,7.5,Action,2012,9,17
Good,Jet Set Radio,/games/jet-set-radio/ps3-129168,7.5,Action,2012,9,17
Good,Jet Set Radio,/games/jet-set-radio/xbox-360-129165,7.5,Action,2012,9,17
Great,Pro Evolution Soccer 2013,/games/pro-evolution-soccer-2013/xbox-360-133009,8.5,Sports,2012,9,17
Amazing,F1 2012,/games/f1-2012/pc-130383,9,Racing,2012,9,17
Good,Darksiders II,/games/darksiders-2/xbox-360-14336768,7.5,Action,2012,8,14
Good,Pitfall,/games/pitfall-working-title/iphone-137420,7,Platformer,2012,8,13
Great,Dust: An Elysian Tail,/games/dust-an-elysian-tail-139696/xbox-360-77719,8.5,Platformer,2012,8,13
Great,Hybrid,/games/hybrid-140542/xbox-360-37860,8,Shooter,2012,8,13
Mediocre,The Dark Knight Rises,/games/the-dark-knight-rises/iphone-130653,5.5,Action,2012,8,10
Good,10000000,/games/10000000/iphone-139135,7.5,,2012,8,9
Okay,The Political Machine 2012,/games/the-political-machine-2012/pc-131306,6.5,Strategy,2012,8,9
Amazing,Sound Shapes,/games/sound-shapes-queasy-games/ps3-135578,9,Platformer,2012,8,8
Amazing,Sound Shapes,/games/sound-shapes-queasy-games/vita-110145,9,Platformer,2012,8,8
Okay,One Piece: Pirate Warriors,/games/one-piece-pirate-warriors/ps3-116782,6,Action,2012,10,8
Great,XCOM: Enemy Unknown,/games/xcom-enemy-unknown/ps3-126073,8.2,Strategy,2012,10,8
Amazing,Dishonored,/games/dishonored/xbox-360-112932,9.2,Action,2012,10,7
Amazing,Dishonored,/games/dishonored/pc-112928,9.2,Action,2012,10,7
Amazing,Dishonored,/games/dishonored/ps3-112931,9.2,Action,2012,10,7
Good,Angry Birds Trilogy,/games/angry-birds-trilogy/3ds-82424,7,"Puzzle, Action",2012,10,6
Good,Angry Birds Trilogy,/games/angry-birds-trilogy/xbox-360-88826,7,"Puzzle, Action",2012,10,6
Good,Angry Birds Trilogy,/games/angry-birds-trilogy/ps3-135852,7,"Puzzle, Action",2012,10,6
Great,Girls Like Robots,/games/girls-like-robots/iphone-145093,8.5,Puzzle,2012,10,19
Bad,Happy Wars,/games/happy-wars/xbox-360-64840,4,Action,2012,10,19
Bad,007 Legends,/games/007-legends/ps3-132391,4.5,Action,2012,10,16
Amazing,Funky Smugglers,/games/funky-smugglers/iphone-145106,9,Action,2012,10,16
Okay,Colour Bind,/games/colour-bind/pc-143757,6.2,,2012,10,15
Mediocre,WRC 3 FIA World Rally Championship,/games/wrc-3-fia-world-rally-championship/xbox-360-131357,5,Racing,2012,10,15
Mediocre,WRC 3 FIA World Rally Championship,/games/wrc-3-fia-world-rally-championship/pc-131360,5,Racing,2012,10,15
Mediocre,Retro City Rampage,/games/retro-city-rampage/ps3-128971,5.3,"Action, Adventure",2012,10,15
Mediocre,Retro City Rampage,/games/retro-city-rampage/pc-129032,5.3,"Action, Adventure",2012,10,15
Great,Dance Central 3,/games/dance-central-3/xbox-360-135601,8,Music,2012,10,15
Mediocre,WRC 3 FIA World Rally Championship,/games/wrc-3-fia-world-rally-championship/ps3-131361,5,Racing,2012,10,15
Mediocre,Snapshot,/games/snapshot/pc-143174,5,Platformer,2012,9,17
Amazing,F1 2012,/games/f1-2012/ps3-130382,9,Racing,2012,9,17
Great,Pro Evolution Soccer 2013,/games/pro-evolution-soccer-2013/ps3-133012,8.5,Sports,2012,9,17
Amazing,F1 2012,/games/f1-2012/xbox-360-130379,9,Racing,2012,9,17
Great,Pro Evolution Soccer 2013,/games/pro-evolution-soccer-2013/pc-133014,8.5,Sports,2012,9,17
Amazing,Borderlands 2,/games/borderlands-2/xbox-360-94188,9,"Shooter, RPG",2012,9,13
Amazing,Borderlands 2,/games/borderlands-2/pc-94190,9,"Shooter, RPG",2012,9,13
Great,Joe Danger: The Movie,/games/joe-danger-the-movie/xbox-360-115463,8,Action,2012,9,13
Amazing,Borderlands 2,/games/borderlands-2/ps3-94189,9,"Shooter, RPG",2012,9,13
Amazing,Sound Shapes,/games/sound-shapes-queasy-games/ps4-20007461,9,Platformer,2012,8,8
Amazing,Persona 4 Arena,/games/persona-4-arena/ps3-116910,9,Fighting,2012,8,7
Amazing,Persona 4 Arena,/games/persona-4-arena/xbox-360-116913,9,Fighting,2012,8,7
Bad,Hell Yeah! Wrath of the Dead Rabbit,/games/hell-yeah-wrath-of-the-dead-rabbit/pc-129413,4.9,Platformer,2012,10,4
Bad,Hell Yeah! Wrath of the Dead Rabbit,/games/hell-yeah-wrath-of-the-dead-rabbit/xbox-360-129412,4.9,Platformer,2012,10,4
Mediocre,Retro City Rampage,/games/retro-city-rampage/vita-128972,5.3,"Action, Adventure",2012,10,15
Amazing,The Unfinished Swan,/games/the-unfinished-swan/ps3-133433,9,Puzzle,2012,10,14
Great,Tokyo Jungle,/games/tokyo-jungle-139049/ps3-85484,8,Adventure,2012,9,13
Amazing,Halo 4,/games/halo-4/xbox-360-110563,9.8,Shooter,2012,11,1
Amazing,Halo 4 (Limited Edition),/games/halo-4/xbox-360-134637,9.8,Shooter,2012,11,1
Good,Zone of the Enders HD Collection,/games/zone-of-the-enders-hd-collection/ps3-110049,7,"Action, Compilation",2012,11,1
Great,Harvest Moon: A New Beginning,/games/harvest-moon-hajimari-no-daichi/3ds-120299,8.3,Adventure,2012,11,1
Good,Zone of the Enders HD Collection,/games/zone-of-the-enders-hd-collection/xbox-360-110060,7,"Action, Compilation",2012,11,1
Okay,Borderlands Legends,/games/borderlands-legends/iphone-145721,6.5,"Action, RPG",2012,10,31
Okay,Borderlands Legends,/games/borderlands-legends/ipad-145832,6.5,"Action, RPG",2012,10,31
Amazing,Okami HD,/games/okami/ps3-136378,9.4,Adventure,2012,10,30
Mediocre,Ragnarok Odyssey,/games/ragnarok-odyssey/vita-117348,5,RPG,2012,10,30
Okay,Need for Speed Most Wanted,/games/need-for-speed-most-wanted-2012/iphone-135825,6.9,"Racing, Action",2012,10,30
Good,Pid,/games/pid/xbox-360-124089,7.8,Platformer,2012,10,30
Good,Pid,/games/pid/pc-124085,7.8,Platformer,2012,10,30
Good,Pid,/games/pid/ps3-124088,7.8,Platformer,2012,10,30
Amazing,Need for Speed Most Wanted,/games/need-for-speed-most-wanted-2012/ps3-126560,9,"Racing, Action",2012,10,30
Great,Assassin's Creed III,/games/assassins-creed-iii/xbox-360-128701,8.5,"Action, Adventure",2012,10,30
Amazing,Need for Speed Most Wanted,/games/need-for-speed-most-wanted-2012/xbox-360-135486,9,"Racing, Action",2012,10,30
Good,Assassin's Creed III: Liberation,/games/assassins-creed-vita/vita-115670,7.2,Action,2012,10,30
Great,Smart As...,/games/smart-as-135038/vita-98920,8.5,"Educational, Puzzle",2012,10,30
Great,Assassin's Creed III,/games/assassins-creed-iii/ps3-128700,8.5,"Action, Adventure",2012,10,30
Amazing,Need for Speed Most Wanted,/games/need-for-speed-most-wanted-2012/pc-135628,9,"Racing, Action",2012,10,30
Great,WWE '13,/games/wwe-13/ps3-127917,8.4,Wrestling,2012,10,29
Okay,Street Fighter x Tekken,/games/street-fighter-x-tekken/vita-110720,6.6,Fighting,2012,10,29
Great,WWE '13,/games/wwe-13/xbox-360-127923,8.4,Wrestling,2012,10,29
Good,Chivalry: Medieval Warfare,/games/chivalry-medieval-warfare-142591/pc-75122,7.9,Adventure,2012,10,29
Good,Sonic Jump,/games/sonic-jump-2012/iphone-144482,7.5,Platformer,2012,10,29
Mediocre,F1 Race Stars,/games/f1-race-stars/xbox-360-137846,5.2,Racing,2012,11,13
Amazing,Call of Duty: Black Ops II,/games/call-of-duty-black-ops-ii/pc-126314,9.3,Shooter,2012,11,13
Mediocre,F1 Race Stars,/games/f1-race-stars/ps3-137849,5.2,Racing,2012,11,13
Mediocre,Midway Arcade Origins,/games/midway-arcade-origins/ps3-143385,5.5,"Action, Compilation",2012,11,13
Mediocre,Midway Arcade Origins,/games/midway-arcade-origins/xbox-360-143382,5.5,"Action, Compilation",2012,11,13
Amazing,Call of Duty: Black Ops II,/games/call-of-duty-black-ops-ii/xbox-360-126311,9.3,Shooter,2012,11,13
Amazing,Call of Duty: Black Ops II,/games/call-of-duty-black-ops-ii/ps3-126313,9.3,Shooter,2012,11,13
Okay,When Vikings Attack,/games/when-vikings-attack/ps3-135043,6.5,"Fighting, Action",2012,11,9
Okay,When Vikings Attack,/games/when-vikings-attack/vita-135040,6.5,"Fighting, Action",2012,11,9
Mediocre,"Freakyforms Deluxe: Your Creations, Alive!",/games/freakyforms-deluxe-your-creations-alive/3ds-139655,5,Productivity,2012,11,8
Mediocre,Painkiller: Hell & Damnation,/games/painkiller-hell-and-damnation/pc-136319,5,Shooter,2012,11,7
Great,Transformers Prime,/games/transformers-prime/3ds-130988,8,Action,2012,11,7
Great,Angry Birds Star Wars,/games/star-wars-angry-birds/iphone-144485,8.8,Puzzle,2012,11,7
Good,Farming Simulator 2013,/games/farming-simulator-2013/pc-144241,7.1,Simulation,2012,11,7
Great,Paper Mario: Sticker Star,/games/paper-mario-3ds/3ds-77808,8.3,RPG,2012,11,6
Okay,Lucius,/games/lucius-shiver-games/pc-83378,6,Adventure,2012,11,6
Mediocre,LittleBigPlanet Karting,/games/littlebigplanet-karting/ps3-128163,5,Racing,2012,11,6
Good,Primal Carnage,/games/primal-carnage/pc-60854,7.6,Shooter,2012,11,5
Great,Natural Selection 2,/games/natural-selection-2/pc-904386,8,Shooter,2012,11,5
Okay,Symphonica: Grand Maestro,/games/symphonica-grand-maestro/iphone-141555,6,Music,2012,11,5
Amazing,Football Manager 2013,/games/football-manager-2013/mac-141666,9,"Sports, Simulation",2012,11,3
Amazing,The Walking Dead: The Game -- Episode 5: No Time Left,/games/the-walking-dead-season-1-episode-5/pc-135888,9.5,Adventure,2012,11,19
Amazing,The Walking Dead: The Game -- Episode 5: No Time Left,/games/the-walking-dead-season-1-episode-5/ipad-135885,9.5,Adventure,2012,11,19
Amazing,The Walking Dead: The Game -- Episode 5: No Time Left,/games/the-walking-dead-season-1-episode-5/mac-135889,9.5,Adventure,2012,11,19
Amazing,The Walking Dead: The Game -- Episode 5: No Time Left,/games/the-walking-dead-season-1-episode-5/ps3-135887,9.5,Adventure,2012,11,19
Amazing,Football Manager 2013,/games/football-manager-2013/pc-141663,9,"Sports, Simulation",2012,11,3
Good,Need for Speed Most Wanted,/games/need-for-speed-most-wanted-2012/vita-135721,7.4,"Racing, Action",2012,11,2
Bad,Orgarhythm,/games/orgarhythm-133846/vita-130950,4.7,"Music, Action",2012,11,2
Good,Sports Champions 2,/games/sports-champions-2/ps3-135395,7.6,"Sports, Action",2012,11,2
Great,Kinect Party,/games/happy-action-theater-2/xbox-360-140195,8.5,Party,2012,12,20
Good,Sky Gamblers: Storm Raiders,/games/sky-gamblers-storm-raider/iphone-149216,7.1,Action,2012,12,19
Good,Oddworld: Stranger's Wrath HD,/games/oddworld-strangers-wrath/vita-110722,7.5,"Action, Adventure",2012,12,19
Good,AirBuccaneers,/games/airbuccaneers/pc-150858,7.5,Action,2012,12,19
Great,Theatrhythm Final Fantasy,/games/theatrhythm-final-fantasy/iphone-150082,8,"Music, Action",2012,12,19
Okay,Sing Party,/games/sing/wii-u-135741,6.3,Music,2012,12,18
Okay,Beatdown!,/games/beatdown/iphone-147890,6.3,"Fighting, Action",2012,11,19
Okay,Waking Mars,/games/waking-mars-148199/pc-148201,6.5,Action,2012,11,19
Okay,Waking Mars,/games/waking-mars-148199/iphone-129356,6.5,Action,2012,11,19
Amazing,Hitman: Absolution,/games/hitman-absolution/ps3-14348845,9,Action,2012,11,18
Amazing,Hitman: Absolution,/games/hitman-absolution/xbox-360-14348846,9,Action,2012,11,18
Okay,ZombiU,/games/zombi-u/wii-u-135661,6.3,Shooter,2012,11,18
Good,Grand Theft Auto: Vice City,/games/grand-theft-aut-vice-city/iphone-146059,7.7,"Action, Adventure",2012,12,18
Good,Street Fighter X Mega Man,/games/street-fighter-x-mega-man/pc-149856,7,Action,2012,12,18
Good,Sonic & All-Stars Racing Transformed,/games/sonic-all-stars-racing-transformed/vita-133506,7,"Racing, Action",2012,12,17
Good,Sonic & All-Stars Racing Transformed,/games/sonic-all-stars-racing-transformed/3ds-133507,7,"Racing, Action",2012,12,17
Good,The Sims 3: Seasons,/games/the-sims-3-seasons/pc-138921,7.5,Simulation,2012,12,17
Mediocre,Tank! Tank! Tank!,/games/tank-tank-tank/wii-u-135735,5.8,Action,2012,12,14
Good,Guardians of Middle-earth,/games/guardians-of-middle-earth/xbox-360-135298,7.5,Battle,2012,12,14
Okay,Ratchet & Clank: Full Frontal Assault,/games/ratchet-and-clank-full-frontal-assault/ps3-135296,6.4,Action,2012,12,14
Bad,Page Chronica,/games/page-chronica/ps3-145412,4.1,Puzzle,2012,12,14
Amazing,Hitman: Absolution,/games/hitman-absolution/pc-14251574,9,Action,2012,11,18
Amazing,Batman: Arkham City -- Armored Edition,/games/batman-arkham-city/wii-u-110822,9.5,Action,2012,11,17
Okay,Disney Epic Mickey 2: The Power of Two,/games/disney-epic-mickey-2-the-power-of-two/ps3-125841,6,"Action, Adventure",2012,11,17
Okay,Disney Epic Mickey 2: The Power of Two,/games/disney-epic-mickey-2-the-power-of-two/xbox-360-125840,6,"Action, Adventure",2012,11,17
Good,Darksiders II,/games/darksiders-2/wii-u-110809,7.5,Action,2012,11,17
Great,Scribblenauts Unlimited,/games/scribblenauts-unlimited/wii-u-135731,8.8,"Puzzle, Action",2012,11,16
Bad,Call of Duty: Black Ops Declassified,/games/call-of-duty-black-ops-declassified/vita-98928,4,Shooter,2012,11,16
Good,Fallen Enchantress,/games/elemental-fallen-enchantress/pc-101961,7.9,Strategy,2012,11,16
Good,Guns of Icarus Online,/games/guns-of-icarus-online/pc-115437,7.3,Shooter,2012,11,16
Mediocre,Miner Wars 2081,/games/miner-wars-2081/pc-21143,5,Shooter,2012,12,14
Good,Guardians of Middle-earth,/games/guardians-of-middle-earth/ps3-135301,7.5,Battle,2012,12,14
Great,The Elder Scrolls V: Skyrim -- Dragonborn,/games/the-elder-scrolls-v-skyrim-dragonborn/xbox-360-146422,8.8,RPG,2012,12,13
Okay,Baldur's Gate -- Enhanced Edition,/games/baldurs-gate-enhanced-edition/ipad-130702,6,RPG,2012,12,13
Okay,Black Knight Sword,/games/black-knight-sword/xbox-360-115069,6.9,"Puzzle, Adventure",2012,12,13
Okay,Black Knight Sword,/games/black-knight-sword/ps3-115068,6.9,"Puzzle, Adventure",2012,12,13
Amazing,The Walking Dead: A Telltale Game Series -- Season One,/games/the-walking-dead-the-game/xbox-360-100888,9.3,Adventure,2012,12,12
Great,Sonic & All-Stars Racing Transformed,/games/sonic-all-stars-racing-transformed/xbox-360-133505,8.6,"Racing, Action",2012,11,15
Amazing,New Super Mario Bros. U,/games/new-super-mario-bros-u/wii-u-135584,9.1,Platformer,2012,11,15
Great,Sonic & All-Stars Racing Transformed,/games/sonic-all-stars-racing-transformed/ps3-133498,8.6,"Racing, Action",2012,11,15
Great,Nintendo Land,/games/nintendo-land/wii-u-135744,8.7,Party,2012,11,15
Good,ARC Squadron,/games/arc-squadron-145523/iphone-145520,7.3,"Flight, Action",2012,11,13
Good,Ninja Gaiden III: Razor's Edge,/games/ninja-gaiden-iii-razors-edge/wii-u-110811,7.6,Action,2012,11,13
Amazing,The Walking Dead: A Telltale Game Series -- Season One,/games/the-walking-dead-the-game/ps3-100887,9.3,Adventure,2012,12,12
Amazing,The Walking Dead -- Game of the Year Edition,/games/the-walking-dead-game-of-the-year-edition/pc-20008044,9.3,Adventure,2012,12,12
Amazing,The Walking Dead: A Telltale Game Series -- Season One,/games/the-walking-dead-the-game/iphone-150119,9.3,Adventure,2012,12,12
Good,Real Boxing,/games/real-boxing-147889/iphone-147888,7.6,Sports,2012,11,30
Great,Baldur's Gate -- Enhanced Edition,/games/baldurs-gate-enhanced-edition/pc-130328,8.1,RPG,2012,11,30
Amazing,Crashmo,/games/crashmo/3ds-144426,9.5,"Puzzle, Action",2012,11,30
Amazing,PlanetSide 2,/games/planetside-2/pc-14242769,9,Shooter,2012,11,30
Okay,Disney Epic Mickey 2: The Power of Two,/games/disney-epic-mickey-2-the-power-of-two/wii-u-142951,6,"Action, Adventure",2012,11,29
Amazing,The Walking Dead: A Telltale Game Series -- Season One,/games/the-walking-dead-the-game/pc-100880,9.3,Adventure,2012,12,12
Amazing,The Walking Dead: A Telltale Game Series -- Season One,/games/the-walking-dead-the-game/mac-100885,9.3,Adventure,2012,12,12
Good,Strike Suit Zero,/games/strike-suit-zero/pc-115112,7.5,Shooter,2013,1,22
Painful,Final Fantasy: All The Bravest,/games/final-fantasy-all-the-bravest-156962/iphone-156958,2.5,RPG,2013,1,18
Good,Tokyo Crash Mobs,/games/tokyo-crash-mobs/3ds-144441,7.7,"Puzzle, Action",2013,1,18
Amazing,Ni no Kuni: Wrath of the White Witch,/games/ni-no-kuni/ps3-14284017,9.4,RPG,2013,1,15
Mediocre,Marvel's The Avengers: Battle For Earth,/games/marvels-the-avengers-battle-for-earth/wii-u-134289,5,Action,2013,1,15
Okay,Borderlands 2: Sir Hammerlock's Big Game Hunt,/games/borderlands-2-hammerlocks-big-game-hunt/xbox-360-150509,6.9,"Shooter, RPG",2013,1,15
Great,Assassin's Creed III,/games/assassins-creed-iii/pc-119437,8.6,"Action, Adventure",2012,11,23
Okay,Chasing Aurora,/games/chasing-aurora/wii-u-135575,6,Action,2012,11,22
Great,Adventure Time: Hey Ice King! Why'd You Steal Our Garbage?,/games/adventure-time-hey-ice-king-whyd-you-steal-our-garbage/3ds-135984,8.5,Adventure,2012,11,22
Great,Madden NFL 13,/games/madden-nfl-2013/wii-128099,8.3,Sports,2012,11,21
Good,Warriors Orochi 3 Hyper,/games/warriors-orochi-3-hyper/wii-u-142961,7,Action,2012,11,29
Good,Transformers Prime,/games/transformers-prime/wii-u-136308,7.8,Action,2012,11,28
Okay,Skylanders Battlegrounds,/games/skylanders-battlegrounds/iphone-146163,6.6,Action,2012,11,28
Good,Rage of the Gladiator,/games/rage-of-the-gladiator-2010/iphone-146969,7.6,Action,2012,11,28
Okay,FIFA Soccer 13,/games/fifa-2013/wii-u-136146,6,Sports,2012,11,27
Okay,Family Guy: Back to the Multiverse,/games/family-guy-back-to-the-multiverse/xbox-360-133934,6,Adventure,2012,11,27
Okay,Family Guy: Back to the Multiverse,/games/family-guy-back-to-the-multiverse/ps3-133931,6,Adventure,2012,11,27
Mediocre,Little Inferno,/games/little-inferno/pc-136966,5,Puzzle,2012,11,27
Mediocre,Little Inferno,/games/little-inferno/wii-u-137620,5,Puzzle,2012,11,27
Amazing,The Walking Dead -- Game of the Year Edition,/games/the-walking-dead-game-of-the-year-edition/ps3-20008043,9.3,Adventure,2012,12,12
Amazing,The Walking Dead -- Game of the Year Edition,/games/the-walking-dead-game-of-the-year-edition/xbox-360-20008042,9.3,Adventure,2012,12,12
Amazing,The Walking Dead: A Telltale Game Series -- Season One,/games/the-walking-dead-the-game/ipad-100886,9.3,Adventure,2012,12,12
Amazing,Minigore 2: Zombies,/games/minigore-2-zombies/iphone-149695,9.1,Shooter,2012,12,12
Mediocre,Jet Set Radio,/games/jet-set-radio/iphone-138175,5.6,Action,2012,12,12
Good,Forge,/games/forge/pc-136254,7,Shooter,2012,12,12
Okay,Nancy Drew: The Deadly Device,/games/nancy-drew-the-deadly-device/pc-145847,6.8,Adventure,2012,12,11
Good,Into the Dead,/games/into-the-dead/iphone-149569,7,Action,2012,12,10
Mediocre,Just Dance 4,/games/just-dance-4/wii-u-135665,5.3,Music,2012,12,10
Okay,Borderlands 2: Sir Hammerlock's Big Game Hunt,/games/borderlands-2-hammerlocks-big-game-hunt/pc-150514,6.9,"Shooter, RPG",2013,1,15
Okay,Borderlands 2: Sir Hammerlock's Big Game Hunt,/games/borderlands-2-hammerlocks-big-game-hunt/ps3-150510,6.9,"Shooter, RPG",2013,1,15
Great,DmC: Devil May Cry,/games/dmc/pc-134823,8.9,Action,2013,1,14
Great,Unchained Blades,/games/unchained-blades/3ds-101274,8,RPG,2013,1,14
Great,DmC: Devil May Cry,/games/dmc/ps3-85707,8.5,Action,2013,1,14
Good,The Earth Defense Force 2017 Portable,/games/the-earth-defense-force-2017/vita-137197,7.5,Action,2013,1,14
Bad,007 Legends,/games/007-legends/wii-u-142949,4.2,Action,2013,1,14
Mediocre,Wraithborne,/games/wraithborne/iphone-146959,5.2,Action,2012,11,21
Amazing,Persona 4 Golden,/games/shin-megami-tensei-persona-4/vita-116892,9.3,RPG,2012,11,21
Amazing,Call of Duty: Black Ops II,/games/call-of-duty-black-ops-ii/wii-u-136081,9.3,Shooter,2012,11,21
Mediocre,Rabbids Land,/games/rayman-raving-rabbids-for-wii-u/wii-u-110845,5,Party,2012,11,21
Good,Tekken Tag Tournament 2: Wii U Edition,/games/tekken-tag-tournament-2/wii-u-110807,7.5,Fighting,2012,11,21
Amazing,Far Cry 3,/games/far-cry-3/pc-53492,9,Shooter,2012,11,21
Great,Madden NFL 13,/games/madden-nfl-2013/wii-u-110858,8.3,Sports,2012,11,21
Amazing,Far Cry 3,/games/far-cry-3/ps3-53488,9,Shooter,2012,11,21
Mediocre,Little Inferno,/games/little-inferno/mac-137618,5,Puzzle,2012,11,27
Mediocre,Little Inferno,/games/little-inferno/ipad-162572,5,Puzzle,2012,11,27
Mediocre,Little Inferno,/games/little-inferno/linux-137619,5,Puzzle,2012,11,27
Mediocre,Little Inferno,/games/little-inferno/iphone-159505,5,Puzzle,2012,11,27
Great,Little Chomp,/games/little-chomp/iphone-148128,8,Action,2012,11,26
Amazing,Trine 2: Director's Cut,/games/trine-2/wii-u-135737,9,Action,2012,11,26
Awful,LEGO The Lord of the Rings [Portable],/games/lego-the-lord-of-the-rings-portable/3ds-135997,3.8,"Action, Adventure",2012,11,26
Awful,LEGO The Lord of the Rings [Portable],/games/lego-the-lord-of-the-rings-portable/vita-140079,3.8,"Action, Adventure",2012,11,26
Okay,LEGO The Lord of the Rings,/games/lego-the-lord-of-the-rings/xbox-360-135464,6.8,"Action, Adventure",2012,11,26
Great,Writer Rumble,/games/writer-rumble/iphone-149247,8.2,"Puzzle, Word Game",2012,12,10
Amazing,Mass Effect,/games/mass-effect/ps3-143827,9,RPG,2012,12,10
Great,Guilty Gear XX Accent Core Plus,/games/guilty-gear-xx-accent-core-plus/xbox-360-128867,8.3,Fighting,2012,12,7
Great,Guilty Gear XX Accent Core Plus,/games/guilty-gear-xx-accent-core-plus/ps3-128866,8.3,Fighting,2012,12,7
Good,Uncharted: Fight For Fortune,/games/uncharted-fight-for-fortune/vita-146817,7,"Card, Battle",2012,12,6
Good,Modern Combat 4: Zero Hour,/games/modern-combat-4-zero-hour/iphone-143811,7.8,Shooter,2012,12,6
Okay,Wonderbook: Book  of Spells,/games/book-of-spells/ps3-135683,6,"Simulation, Adventure",2012,12,6
Great,Rift: Storm Legion,/games/rift-storm-legion/pc-135457,8.3,RPG,2012,12,4
Amazing,Joe Danger,/games/joe-danger-touch/iphone-136836,9.1,Action,2013,1,14
Great,DmC: Devil May Cry,/games/dmc/xbox-360-86431,8.9,Action,2013,1,14
Mediocre,Anarchy Reigns,/games/anarchy-reigns/xbox-360-98770,5.9,Action,2013,1,11
Mediocre,Anarchy Reigns,/games/anarchy-reigns/ps3-95396,5.9,Action,2013,1,11
Great,Kentucky Route Zero: Act 1,/games/kentucky-route-zero-154732/pc-115270,8.3,Adventure,2013,1,11
Okay,Primordia,/games/primordia/pc-140042,6.8,Adventure,2013,1,11
Amazing,Mutant Mudds,/games/mutant-mudds/iphone-149490,9.1,Platformer,2013,1,10
Amazing,Far Cry 3,/games/far-cry-3/xbox-360-53491,9,Shooter,2012,11,21
Amazing,Mass Effect 3 (Special Edition),/games/mass-effect-3/wii-u-135743,9.5,RPG,2012,11,21
Amazing,Nano Assault Neo,/games/nano-assault-neo/wii-u-142952,9,Shooter,2012,11,20
Good,Disney Epic Mickey: Power of Illusion,/games/disney-epic-mickey-power-of-illusion/3ds-130576,7,"Action, Adventure",2012,11,20
Great,Assassin's Creed III,/games/assassins-creed-iii/wii-u-110823,8.5,"Action, Adventure",2012,11,20
Amazing,Borderlands 2: Mr. Torgue's Campaign of Carnage,/games/borderlands-2-mr-torgues-campaign-of-carnage/pc-147951,9.2,"Shooter, RPG",2012,11,20
Great,Scribblenauts Unlimited,/games/scribblenauts-unlimited/pc-135828,8.8,"Puzzle, Action",2012,11,20
Amazing,Borderlands 2: Mr. Torgue's Campaign of Carnage,/games/borderlands-2-mr-torgues-campaign-of-carnage/xbox-360-147949,9.2,"Shooter, RPG",2012,11,20
Great,PlayStation All-Stars Battle Royale,/games/playstation-all-stars-battle-royale/vita-135678,8,Fighting,2012,11,20
Good,Jetpack Joyride,/games/jetpack-joyride/psp-148152,7.4,Platformer,2012,11,26
Okay,LEGO The Lord of the Rings,/games/lego-the-lord-of-the-rings/ps3-135460,6.8,"Action, Adventure",2012,11,26
Good,The Walking Dead: Assault,/games/the-walking-dead-assault/iphone-149294,7.5,Adventure,2012,12,4
Good,Miasmata,/games/miasmata/pc-149038,7.9,Adventure,2012,12,4
Good,Bladeslinger: Episode 1,/games/bladeslinger/iphone-119042,7.2,Action,2012,12,3
Mediocre,Funky Barn,/games/funky-barn-142959/wii-u-142960,5,Simulation,2012,12,3
Awful,ESPN Sports Connection,/games/sports-connection/wii-u-135664,3,Sports,2012,12,3
Great,Sonic & All-Stars Racing Transformed,/games/sonic-all-stars-racing-transformed/wii-u-139639,8.8,"Racing, Action",2012,11,30
Awful,Infestation: Survivor Stories,/games/the-war-z/pc-138069,3,Action,2013,1,8
Good,Labyrinth Legends,/games/labyrinth-legends/ps3-148868,7.7,RPG,2013,1,7
Mediocre,Ace of Spades,/games/ace-of-spades-149688/pc-106949,5.9,Shooter,2013,1,4
Good,Monsters Inc. Run,/games/monsters-inc-run/iphone-150128,7.7,Action,2013,1,3
Good,Pudding Monsters,/games/pudding-monsters/iphone-149492,7.3,"Puzzle, Adventure",2012,12,20
Amazing,Borderlands 2: Mr. Torgue's Campaign of Carnage,/games/borderlands-2-mr-torgues-campaign-of-carnage/ps3-147950,9.2,"Shooter, RPG",2012,11,20
Great,PlayStation All-Stars Battle Royale,/games/playstation-all-stars-battle-royale/ps3-123511,8,Fighting,2012,11,20
Amazing,NBA 2K13,/games/nba-2k13/wii-u-135328,9.1,Sports,2012,11,20
Amazing,The Walking Dead: The Game -- Episode 5: No Time Left,/games/the-walking-dead-season-1-episode-5/xbox-360-135886,9.5,Adventure,2012,11,19
Mediocre,NFL Quarterback Club '97,/games/nfl-quarterback-club-97/ps-293,5,Sports,1996,11,25
Okay,Namco Museum Vol. 2,/games/namco-museum-vol-2/ps-730,6,"Action, Compilation",1996,11,25
Awful,Raven Project,/games/raven-project/ps-184,3,Action,1996,11,25
Okay,Silverload,/games/silverload/ps-585,6,Adventure,1996,11,25
Good,Return Fire,/games/return-fire/ps-172,7,Action,1996,11,25
Painful,Rise 2: Resurrection,/games/rise-2-resurrection/ps-174,2,Fighting,1996,11,25
Okay,Robo Pit,/games/robo-pit/ps-175,6.5,Fighting,1996,11,25
Okay,NBA ShootOut,/games/nba-shootout/ps-163,6,Sports,1996,11,25
Bad,Beyond The Beyond,/games/beyond-the-beyond/ps-450,4,RPG,1996,11,21
Good,Crash Bandicoot,/games/crash-bandicoot/ps-603,7.5,Platformer,1996,11,21
Great,Bust-A-Move 2: Arcade Edition,/games/bust-a-move-2-arcade-edition/ps-684,8,Puzzle,1996,11,21
Mediocre,CyberSpeed,/games/cyberspeed/ps-139,5,Racing,1996,11,21
Good,D,/games/d/ps-688,7,Adventure,1996,11,21
Okay,Assault Rigs,/games/assault-rigs/ps-134,6,Action,1996,11,21
Mediocre,ESPN Extreme Games,/games/espn-extreme-games/ps-547,5,Sports,1996,11,21
Good,Doom (1993),/games/doom/ps-671,7,Shooter,1996,11,21
Great,Bottom of the 9th,/games/bottom-of-the-9th/ps-110,8,Sports,1996,11,21
Good,Adidas Power Soccer,/games/adidas-power-soccer/ps-715,7,Sports,1996,11,21
Painful,Agile Warrior F-111X,/games/agile-warrior-f-111x/ps-133,2,Action,1996,11,21
Great,Alien Trilogy,/games/alien-trilogy/ps-452,8,Action,1996,11,21
Okay,Alone in the Dark: One Eyed Jack's Revenge,/games/alone-in-the-dark-2/ps-677,6,Adventure,1996,11,21
Good,Fade to Black,/games/fade-to-black/ps-146,7,Adventure,1996,11,21
Good,Die Hard Trilogy,/games/die-hard-trilogy/ps-447,7.5,Action,1996,11,21
Good,Discworld,/games/discworld/ps-583,7,Adventure,1996,11,21
Okay,Battle Arena Toshinden 2,/games/battle-arena-toshinden-2/ps-451,6,Fighting,1996,11,21
Okay,A-Train,/games/a-train/ps-670,6,Strategy,1996,11,21
Bad,Casper -- A Haunting 3D Challenge,/games/casper-a-haunting-3d-challenge/ps-438,4,Action,1996,11,21
Okay,Bogey Dead 6,/games/bogey-dead-6/ps-449,6,"Flight, Action",1996,11,21
Great,Namco Museum Vol. 1,/games/namco-museum-vol-1/ps-702,8,"Action, Compilation",1996,11,25
Good,Road & Track Presents: The Need for Speed,/games/road-and-track-presents-the-need-for-speed/ps-1864,7,Racing,1996,11,25
Okay,Romance of the Three Kingdoms IV: Wall of Fire,/games/romance-of-the-three-kingdoms-iv-wall-of-fire/ps-478,6,Strategy,1996,11,25
Good,PGA Tour '96,/games/pga-tour-96/ps-165,7,Sports,1996,11,25
Good,Rayman,/games/rayman/ps-69,7,Platformer,1996,11,25
Okay,Raiden Project,/games/raiden-project/ps-720,6,Shooter,1996,11,25
Great,Andretti Racing,/games/andretti-racing/ps-703,8,Racing,1996,11,21
Good,Discworld,/games/discworld/ps-583,7,Adventure,1996,11,21
Good,Die Hard Trilogy,/games/die-hard-trilogy/ps-447,7.5,Action,1996,11,21
Awful,Gunship,/games/gunship-23429/ps-280,3,Simulation,1996,11,25
Okay,Olympic Summer Games: Atlanta '96,/games/olympic-summer-games-atlanta-96-808731/ps-551,6,Sports,1996,11,25
Unbearable,Revolution X,/games/revolution-x/ps-689,1,Action,1996,11,25
Bad,Shockwave Assault,/games/shockwave-assault/ps-679,4,Action,1996,11,25
Bad,HardBall 5,/games/hardball-5/ps-140,4,Sports,1996,11,25
Good,Twisted Metal [1996],/games/twisted-metal-1996/ps-444,7,Action,1996,11,26
Amazing,WipEout XL,/games/wipeout-2097/ps-473,9,Racing,1996,11,26
Great,WipEout,/games/wipeout/ps-192,8,Racing,1996,11,26
Great,Tobal No. 1,/games/tobal-no-1/ps-743,8.7,Fighting,1996,11,26
Great,Star Gladiator Episode 1: Final Crusade,/games/star-gladiator-episode-1-final-crusade/ps-461,8,Fighting,1996,11,26
Good,Starfighter,/games/starfighter/ps-287,7,Action,1996,11,26
Good,Battle Arena Toshinden,/games/battle-arena-toshinden/ps-716,7,Fighting,1996,11,21
Good,Destruction Derby,/games/destruction-derby/ps-144,7,"Racing, Action",1996,11,21
Great,Aquanaut's Holiday,/games/aquanauts-holiday/ps-548,8,Simulation,1996,11,21
Painful,Creature Shock (Special Edition),/games/creature-shock/ps-136,2,Action,1996,11,21
Good,Air Combat,/games/air-combat/ps-393,7,"Flight, Action",1996,11,21
Good,Descent,/games/descent-1995/ps-143,7,Action,1996,11,21
Mediocre,Cyber Sled,/games/cyber-sled/ps-138,5,Action,1996,11,21
Good,DEFCON 5,/games/defcon-5/ps-142,7,Action,1996,11,21
Mediocre,The King of Fighters '95,/games/the-king-of-fighters-95/ps-2072,5,Fighting,1996,11,25
Great,Jumping Flash! 2,/games/jumping-flash-2/ps-577,8,Platformer,1996,11,25
Bad,Epidemic,/games/epidemic/ps-299,4,Action,1996,11,25
Mediocre,Philosoma,/games/philosoma/ps-166,5,Action,1996,11,25
Mediocre,NBA In the Zone,/games/nba-in-the-zone-36223/ps-164,5,Sports,1996,11,25
Good,Magic Carpet,/games/magic-carpet/ps-159,7.5,Action,1996,11,25
Painful,Power Serve 3D Tennis,/games/power-serve-3d-tennis/ps-167,2,Sports,1996,11,25
Great,Resident Evil [1996],/games/resident-evil/ps-610,8.7,"Action, Adventure",1996,11,25
Okay,NCAA GameBreaker,/games/ncaa-gamebreaker/ps-724,6.8,Sports,1996,11,25
Okay,Project: Horned Owl,/games/project-horned-owl/ps-706,6,Shooter,1996,11,25
Okay,Frank Thomas: Big Hurt Baseball,/games/frank-thomas-big-hurt-baseball/pc-672,6,Sports,1996,11,25
Good,Goal Storm,/games/goal-storm/ps-150,7,Sports,1996,11,25
Awful,In the Hunt,/games/in-the-hunt/ps-70,3,Action,1996,11,25
Good,International Track & Field,/games/international-track-field/ps-12,7,Sports,1996,11,25
Painful,Novastorm,/games/novastorm/ps-554,2,Shooter,1996,11,25
Great,PO'ed,/games/poed/ps-2098,8,Action,1996,11,25
Okay,NBA Jam: Tournament Edition,/games/nba-jam-tournament-edition/ps-701,6.5,Sports,1996,11,25
Good,WWF Wrestlemania: The Arcade Game,/games/wwf-wrestlemania/ps-714,7,Wrestling,1996,11,26
Good,Williams Arcade's Greatest Hits,/games/williams-arcades-greatest-hits/ps-202,7,Compilation,1996,11,26
Okay,Tetris Plus,/games/tetris-plus/ps-725,6,Puzzle,1996,11,26
Mediocre,Slam 'n Jam '96: Featuring Magic and Kareem,/games/slam-n-jam-96-featuring-magic-and-kareem/ps-708,5,Sports,1996,11,26
Bad,V-Tennis,/games/v-tennis/ps-712,4,Sports,1996,11,26
Good,Tokyo Highway Battle,/games/tokyo-highway-battle/ps-185,7,Racing,1996,11,26
Mediocre,Zero Divide,/games/zero-divide/ps-193,5,Fighting,1996,11,26
Amazing,X-COM: UFO Defense,/games/ufo-enemy-unknown/ps-686,9,Strategy,1996,11,26
Okay,Darkstalkers: The Night Warriors,/games/darkstalkers-the-night-warriors/ps-141,6.5,Fighting,1996,11,21
Good,FIFA Soccer '96,/games/fifa-soccer-96/ps-542,7.8,Sports,1996,11,21
Bad,Mortal Kombat Trilogy,/games/mortal-kombat-trilogy/n64-454,4.1,Fighting,1996,11,20
Amazing,Wave Race 64,/games/wave-race-64/n64-81,9.7,Racing,1996,11,15
Mediocre,Battle Arena Toshinden Remix,/games/battle-arena-toshinden-remix/saturn-195,5,Fighting,1996,11,15
Bad,Cruis'n USA,/games/cruisn-usa/n64-498,4,Racing,1996,11,14
Mediocre,Batman Forever: The Arcade Game,/games/batman-forever/ps-318,5,Action,1996,11,2
Great,Pilotwings 64,/games/pilotwings-64/n64-83,8.2,Flight,1996,9,25
Mediocre,Road Rash,/games/road-rash/ps-102,5,"Racing, Action",1996,11,25
Good,Ridge Racer [1995],/games/ridge-racer-1995/ps-173,7.5,Racing,1996,11,25
Good,Shellshock,/games/shellshock/ps-177,7,Action,1996,11,25
Good,SimCity 2000,/games/simcity-2000/ps-680,7,Strategy,1996,11,25
Good,Street Fighter Alpha: Warriors' Dreams,/games/street-fighter-alpha/ps-181,7,Fighting,1996,11,25
Awful,The Hive,/games/the-hive/ps-693,3,Action,1996,11,25
Good,Loaded,/games/loaded/ps-157,7.5,Shooter,1996,11,25
Unbearable,Revolution X,/games/revolution-x/ps-689,1,Action,1996,11,25
Okay,Olympic Summer Games: Atlanta '96,/games/olympic-summer-games-atlanta-96-808731/ps-551,6,Sports,1996,11,25
Good,NBA Live '96,/games/nba-live-96/ps-171,7,Sports,1996,11,25
Painful,Psychic Detective,/games/psychic-detective/ps-526,2,Adventure,1996,11,25
Amazing,NHL FaceOff,/games/nhl-faceoff/ps-555,9,Sports,1996,11,25
Great,NFL GameDay,/games/nfl-gameday/ps-553,8,Sports,1996,11,25
Awful,Kileak: The DNA Imperative,/games/kileak-the-dna-imperative/ps-718,3,Action,1996,11,25
Awful,Raven Project,/games/raven-project/ps-184,3,Action,1996,11,25
Okay,Silverload,/games/silverload/ps-585,6,Adventure,1996,11,25
Great,Formula 1,/games/formula-1/ps-106,8,Racing,1996,11,25
Great,Worms,/games/worms/ps-277,8,Strategy,1996,11,26
Mediocre,Zoop,/games/zoop/ps-721,5,Puzzle,1996,11,26
Painful,Space Griffon,/games/space-griffon/ps-709,2,Action,1996,11,26
Amazing,Tekken 2,/games/tekken-2/ps-475,9,Fighting,1996,11,26
Great,Warhawk,/games/warhawk/ps-189,8.7,"Flight, Action",1996,11,26
Good,Rayman,/games/rayman/ps-69,7,Platformer,1996,11,25
Okay,Romance of the Three Kingdoms IV: Wall of Fire,/games/romance-of-the-three-kingdoms-iv-wall-of-fire/ps-478,6,Strategy,1996,11,25
Bad,Advanced Dungeons & Dragons: Iron & Blood -- Warriors of Ravenloft,/games/advanced-dungeons-dragons-iron-blood-warriors-of-ravenloft/ps-303,4,Fighting,1996,11,25
Amazing,Super Mario 64,/games/super-mario-64/n64-606,9.8,Platformer,1996,9,25
Good,Baku Baku,/games/baku-baku/saturn-194,7,Puzzle,1996,6,18
Great,The Walking Dead: The Game -- Episode 1: A New Day,/games/the-walking-dead-season-1-episode-1/xbox-360-135866,8.5,Adventure,1970,1,1
Okay,Olympic Soccer,/games/olympic-soccer/ps-552,6,Sports,1996,11,25
Bad,Off-World Interceptor Extreme,/games/off-world-interceptor-extreme/ps-704,4,Action,1996,11,25
Okay,Gex,/games/gex/ps-149,6,Platformer,1996,11,25
Mediocre,Skeleton Warriors,/games/skeleton-warriors/ps-707,5,Action,1996,11,25
Mediocre,Johnny Bazookatone,/games/johnny-bazookatone/ps-674,5,Platformer,1996,11,25
Good,PGA Tour '96,/games/pga-tour-96/ps-165,7,Sports,1996,11,25
Great,Namco Museum Vol. 1,/games/namco-museum-vol-1/ps-702,8,"Action, Compilation",1996,11,25
Good,Road & Track Presents: The Need for Speed,/games/road-and-track-presents-the-need-for-speed/ps-1864,7,Racing,1996,11,25
Great,Mario Kart 64,/games/mario-kart/n64-502,8.1,"Racing, Action",1997,2,20
Good,Rally Cross,/games/rally-cross/ps-757,7,Racing,1997,2,20
Okay,Spider,/games/spider/ps-614,6,Action,1997,2,14
Okay,Grid Runner,/games/grid-runner/ps-434,6,Action,1997,2,10
Good,Virtual Pool,/games/virtual-pool/ps-731,7,Sports,1997,2,10
Great,Pro-Pinball,/games/pro-pinball/ps-756,8,Pinball,1997,2,5
Good,Deception: Invitation to Darkness,/games/deception-invitation-to-darkness/ps-755,7,Strategy,1997,2,3
Good,Peak Performance,/games/peak-performance/ps-2100,7,Racing,1997,4,29
Painful,Independence Day,/games/independence-day/ps-1860,2,Action,1997,4,23
Okay,Buster Bros. Collection,/games/buster-bros-collection/ps-759,6,Action,1997,4,21
Bad,Re-Loaded: The Hardcore Sequel,/games/re-loaded-the-hardcore-sequel/ps-41,4,Shooter,1996,12,24
Good,Destruction Derby 2,/games/destruction-derby-2/ps-7,7.2,Racing,1996,12,23
Great,Blood Omen: Legacy of Kain,/games/blood-omen-legacy-of-kain/ps-2024,8.5,"Action, RPG",1997,1,31
Okay,Tunnel B-1,/games/tunnel-b-1/ps-58,6,Action,1997,1,30
Good,Doom 64,/games/doom/n64-503,7.4,Shooter,1997,1,28
Great,NHL FaceOff '97,/games/nhl-faceoff-97/ps-753,8,Sports,1997,1,28
Amazing,Super Puzzle Fighter II Turbo,/games/super-puzzle-fighter-ii-turbo/ps-728,9,"Puzzle, Action",1997,1,27
Mediocre,NBA Hang Time,/games/nba-hang-time/n64-270,5.4,Sports,1997,1,27
Amazing,Suikoden,/games/suikoden/ps-443,9,RPG,1997,1,22
Okay,Battle Stations,/games/battle-stations/ps-758,6,Strategy,1997,4,16
Great,Nanotek Warrior,/games/nanotek-warrior/ps-748,8,Action,1997,4,14
Okay,Rush Hour,/games/rush-hour/ps-746,6,Racing,1997,4,14
Good,BRAHMA Force: The Assault On Beltlogger 9,/games/brahma-force-the-assault-on-beltlogger-9/ps-735,7,Action,1997,4,10
Great,Vandal Hearts,/games/vandal-hearts/ps-727,8,RPG,1997,4,9
Great,MechWarrior 2,/games/mechwarrior-2/ps-89,8,Simulation,1997,4,8
Good,VR Baseball '97,/games/vr-baseball-97/ps-742,7,Sports,1997,4,7
Okay,Need for Speed II,/games/need-for-speed-collection/ps-739,6,Racing,1997,4,3
Okay,Samurai Shodown III: Blades of Blood,/games/samurai-shodown-best-collection/ps-101,6.5,Fighting,1996,12,20
Okay,Mortal Kombat Trilogy,/games/mortal-kombat-trilogy/ps-462,6,Fighting,1996,12,19
Mediocre,Pitball,/games/pitball/ps-308,5,Action,1996,12,18
Mediocre,MLB Pennant Race,/games/mlb-pennant-race/ps-80,5,Sports,1996,12,17
Great,Tempest X3: An Inter-Galactic Battle Zone,/games/tempest-x3-an-inter-galactic-battle-zone/ps-40,8,Action,1996,12,17
Mediocre,Project Overkill,/games/project-overkill/ps-169,5,Action,1997,1,21
Good,Crusader: No Remorse,/games/crusader-no-remorse/ps-752,7,Action,1997,1,21
Great,VR Golf '97,/games/vr-golf-97/ps-751,8,Sports,1997,1,20
Awful,Iron Man / XO Manowar in Heavy Metal,/games/iron-man-xo-manowar-in-heavy-metal/ps-750,3,Action,1997,1,15
Great,Disruptor,/games/disruptor/ps-135,8,Shooter,1997,1,13
Good,Final Doom,/games/final-doom/ps-446,7,Action,1997,1,7
Good,Twisted Metal 2,/games/twisted-metal-2/ps-325,7.3,Action,1997,1,7
Good,NFL GameDay 97,/games/nfl-gameday-97/ps-326,7.8,Sports,1997,1,6
Great,Jet Moto,/games/jet-moto/ps-442,8,Racing,1997,1,3
Bad,FIFA Soccer 64,/games/fifa-97/n64-767,4.2,Sports,1997,4,1
Great,Command & Conquer (1997),/games/command-and-conquer/ps-500,8,Strategy,1997,3,31
Okay,Mega Man 8,/games/mega-man-8/ps-561,6,Action,1997,3,31
Okay,Big Bass World Championship,/games/big-bass-world-championship/ps-729,6,Hunting,1997,3,27
Amazing,Blast Corps,/games/blast-corps-138193/n64-416,9,Action,1997,3,26
Great,NBA Live '97,/games/nba-live-97/ps-529,8,Sports,1997,3,21
Amazing,NBA ShootOut '97,/games/nba-shootout-97/ps-740,9,Sports,1997,3,18
Great,Turok: Dinosaur Hunter,/games/turok-dinosaur-hunter/n64-425,8.6,Shooter,1997,3,11
Unbearable,The Crow: City of Angels,/games/the-crow-city-of-angels/ps-738,1,Action,1997,3,11
Mediocre,Star Wars: Dark Forces,/games/star-wars-dark-forces/ps-27,5,Action,1996,12,13
Amazing,Tomb Raider -- Featuring Lara Croft,/games/tomb-raider-featuring-lara-croft/ps-97,9.3,Adventure,1996,12,13
Okay,Pandemonium,/games/magical-hoppers/ps-611,6.6,Platformer,1996,12,13
Good,Cool Boarders,/games/cool-boarders/ps-71,7,Sports,1996,12,13
Amazing,NBA In the Zone 2,/games/nba-in-the-zone-2/ps-331,9,Sports,1996,12,12
Great,Street Fighter Alpha 2,/games/street-fighter-alpha-2/ps-476,8.5,Fighting,1996,12,11
Bad,TNN Motorsports Hardcore 4X4,/games/hard-core-4x4/ps-747,4,Racing,1997,1,3
Good,Black Dawn,/games/black-dawn/ps-11,7.5,Simulation,1997,1,2
Okay,Namco Museum Vol. 3,/games/namco-museum-vol-3/ps-733,6,"Action, Compilation",1997,3,11
Bad,Crypt Killer,/games/crypt-killer/ps-734,4,Action,1997,3,7
Amazing,Carnage Heart,/games/carnage-heart/ps-304,9.2,Strategy,1997,3,5
Great,Soul Blade,/games/soul-blade/ps-2117,8.3,Fighting,1997,3,3
Okay,Hi-Octane,/games/hi-octane/ps-152,6,Racing,1997,3,2
Okay,Star Wars: Shadows of the Empire,/games/star-wars-shadows-of-the-empire/n64-415,6.5,Action,1996,12,9
Good,Wayne Gretzky's 3D Hockey,/games/wayne-gretzkys-3d-hockey/n64-765,7.1,Sports,1996,12,5
Okay,Killer Instinct Gold,/games/killer-instinct-gold/n64-499,6.5,Fighting,1996,12,4
Awful,Spot Goes to Hollywood,/games/spot-goes-to-hollywood/ps-565,3,Platformer,1996,11,26
Okay,Space Hulk: Vengeance of the Blood Angels,/games/space-hulk-vengeance-of-the-blood-angels/ps-533,6,Action,1996,11,26
Good,Tekken,/games/tekken/ps-182,7.5,Fighting,1996,11,26
Good,VR Soccer '96,/games/vr-soccer/ps-14,7.7,Sports,1996,11,26
Awful,Top Gun: Fire At Will,/games/top-gun-fire-at-will/ps-682,3,Simulation,1996,11,26
Mediocre,World Cup Golf: Professional Edition,/games/world-cup-golf-hyatt-dorado-beach/ps-685,5,Sports,1996,11,26
Great,Tobal No. 1,/games/tobal-no-1/ps-743,8.7,Fighting,1996,11,26
Good,Twisted Metal [1996],/games/twisted-metal-1996/ps-444,7,Action,1996,11,26
Amazing,WipEout XL,/games/wipeout-2097/ps-473,9,Racing,1996,11,26
Awful,Doraemon Nobita & The 3 Fairy Spirit Stones,/games/doraemon-nobita-the-3-fairy-spirit-stones/n64-1901,3,Platformer,1997,6,11
Great,Xevious 3D/G+,/games/xevious-3d-g/ps-2134,8,Shooter,1997,6,11
Good,Thunder Truck Rally,/games/thunder-truck-rally/ps-2125,7,Racing,1997,6,3
Bad,NBA Hang Time,/games/nba-hang-time/ps-264,4,Sports,1997,6,3
Mediocre,All-Star Baseball '97 Featuring Frank Thomas,/games/all-star-baseball-97-featuring-frank-thomas/ps-2017,5,Sports,1997,6,2
Bad,War Gods,/games/war-gods/n64-463,4.3,Fighting,1997,5,29
Okay,Broken Helix,/games/broken-helix/ps-441,6,"Action, Adventure",1997,5,29
Good,Codename: Tenka,/games/codename-tenka/ps-2033,7,Shooter,1997,5,27
Bad,War Gods,/games/war-gods/ps-268,4,Fighting,1997,5,23
Mediocre,Hexen,/games/hexen/ps-2065,5,Action,1997,5,23
Good,Descent Maximum,/games/descent-maximum/ps-2043,7.5,Action,1997,5,23
Mediocre,The City of Lost Children,/games/the-city-of-lost-children/ps-2031,5,Adventure,1997,5,23
Bad,Wing Commander IV: The Price of Freedom,/games/wing-commander-iv-the-price-of-freedom/ps-1876,4,Simulation,1997,5,21
Okay,Overblood,/games/overblood/ps-564,6,Adventure,1997,5,20
Great,Wild ARMs,/games/wild-arms/ps-1875,8,RPG,1997,5,20
Good,Rage Racer,/games/rage-racer/ps-505,7,Racing,1997,5,19
Great,Star Fox 64,/games/star-fox-64/n64-419,8.7,"Flight, Action",1997,5,16
Mediocre,Swagman,/games/swagman/ps-579,5,Action,1997,5,15
Okay,Grand Slam,/games/grand-slam/ps-2062,6,Sports,1997,5,13
Amazing,Triple Play '98,/games/triple-play-98/ps-1874,9.2,Sports,1997,5,13
Okay,Norse By Norse West: The Return of the Lost Vikings,/games/norse-by-norse-west-the-return-of-the-lost-vikings/ps-2093,6,Platformer,1997,5,12
Good,Tail of the Sun,/games/tail-of-the-sun/ps-2122,7,Adventure,1997,5,9
Okay,Goal Storm '97,/games/goal-storm-97/ps-1857,6,Sports,1997,5,6
Mediocre,Sentient [1997],/games/sentient-1997/ps-2115,5,Adventure,1997,5,1
Mediocre,Psychic Force,/games/psychic-force/ps-57,5,Fighting,1997,4,29
Good,NHL Powerplay '98,/games/nhl-powerplay-98/ps-2156,7,Sports,1997,8,28
Good,Madden NFL '98,/games/madden-football-64/ps-2079,7,Sports,1997,8,26
Mediocre,The Lost World: Jurassic Park,/games/the-lost-world-jurassic-park/ps-2124,5,Action,1997,8,26
Great,NFL GameDay 98,/games/nfl-gameday-98/ps-2087,8.8,Sports,1997,8,26
Amazing,GoldenEye 007,/games/goldeneye/n64-1991,9.7,Shooter,1997,8,25
Amazing,Ace Combat 2,/games/ace-combat-2/ps-481,9,"Flight, Action",1997,8,22
Good,Warcraft II: The Dark Saga,/games/warcraft-ii-the-dark-saga/ps-2132,7,Strategy,1997,8,20
Mediocre,Machine Hunter,/games/machine-hunter/ps-2078,5,Action,1997,8,19
Great,Tetrisphere,/games/tetrisphere/n64-420,8,Puzzle,1997,8,13
Okay,Ogre Battle,/games/ogre-battle/ps-2095,6,Strategy,1997,8,8
Great,Porsche Challenge,/games/porsche-challenge/ps-2103,8,Racing,1997,8,5
Good,NCAA Football '98,/games/ncaa-football-98/ps-2086,7,Sports,1997,8,5
Bad,Lethal Enforcers I & II,/games/lethal-enforcers/ps-2074,4,Action,1997,8,5
Mediocre,VMX Racing,/games/vmx-racing/ps-68,5,Racing,1997,7,25
Great,Duke Nukem 64,/games/duke-nukem-3d/n64-85,8,Shooter,1997,11,14
Great,NBA Live '98,/games/nba-live-98/ps-2142,8,Sports,1997,11,13
Good,Jet Moto 2,/games/jet-moto-2/ps-2068,7,Racing,1997,11,12
Good,Cool Boarders 2,/games/cool-boarders-2/ps-2035,7.2,Sports,1997,11,11
Great,Time Crisis,/games/time-crisis/ps-2126,8,Action,1997,11,11
Mediocre,Maximum Force,/games/maximum-force/ps-2080,5,Shooter,1997,9,25
Great,Treasures of the Deep,/games/treasures-of-the-deep/ps-2155,8,Adventure,1997,9,24
Okay,Discworld II: Mortality Bytes!,/games/discworld-ii-mortality-bytes/ps-2044,6,Adventure,1997,9,24
Good,Nuclear Strike,/games/nuclear-strike/ps-2140,7.6,Action,1997,9,24
Great,NHL FaceOff '98,/games/nhl-faceoff-98/ps-2088,8,Sports,1997,9,24
Great,NASCAR 98,/games/nascar-98/ps-2085,8,Racing,1997,9,23
Great,MLB '98,/games/mlb-98/ps-2077,8,Sports,1997,7,23
Okay,Herc's Adventures,/games/hercs-adventures/ps-1858,6,Action,1997,7,18
Okay,Namco Museum Vol. 4,/games/namco-museum-vol-4/ps-2089,6,"Action, Compilation",1997,7,18
Mediocre,Syndicate Wars,/games/syndicate-wars/ps-534,5,Shooter,1997,7,16
Mediocre,Dark Rift,/games/dark-rift/n64-1954,5.4,Fighting,1997,7,10
Okay,Hercules,/games/hercules/ps-2045,6,Action,1997,7,3
Okay,Battlesport,/games/battlesport-805676/ps-320,6,Action,1997,7,2
Good,Darklight Conflict,/games/darklight-conflict/ps-2041,7,Action,1997,6,30
Good,Dynasty Warriors,/games/dynasty-warriors-806701/ps-2047,7.8,Fighting,1997,6,27
Bad,F1 Pole Position 64,/games/f1-pole-position-64/n64-1977,4.1,Racing,1997,10,24
Good,Madden Football 64,/games/madden-football-64/n64-2196,7.8,Sports,1997,10,24
Great,1080 Snowboarding,/games/1080-snowboarding/n64-2225,8.6,Sports,1998,4,2
Mediocre,San Francisco Rush: Extreme Racing,/games/san-francisco-rush-extreme-racing/ps-3725,5,Racing,1998,4,2
Painful,Judge Dredd,/games/judge-dredd-14213549/ps-2326,2,Shooter,1998,4,1
Mediocre,Tennis Arena,/games/tennis-arena/ps-2204,5,Sports,1998,3,31
Bad,Rampage: World Tour,/games/rampage-world-tour/n64-2289,4.9,Action,1998,3,30
Good,Pitfall 3D,/games/pitfall-3d/ps-2101,7,Platformer,1998,3,27
Great,San Francisco Rush: Extreme Racing,/games/san-francisco-rush-extreme-racing/n64-1941,8.9,Racing,1997,11,7
Awful,Dragon Ball GT Final Bout,/games/dragon-ball-gt-final-bout/ps-2207,3,Fighting,1997,11,7
Good,Mass Destruction,/games/mass-destruction/ps-2164,7,Action,1997,11,5
Great,Need for Speed: V-Rally,/games/need-for-speed-v-rally/ps-2129,8,Racing,1997,11,5
Okay,Caesars Palace,/games/caesars-palace/ps-2028,6,Casino,1997,11,5
Great,Crash Bandicoot 2: Cortex Strikes Back,/games/crash-bandicoot-2-cortex-strikes-back/ps-2037,8.5,Platformer,1997,11,4
Amazing,Colony Wars,/games/colony-wars/ps-2034,9.3,Action,1997,11,4
Painful,Frogger,/games/frogger-108479/ps-2057,2,Platformer,1997,11,3
Good,Moto Racer,/games/moto-racer/ps-2141,7.5,Racing,1997,11,3
Awful,Jeopardy! [1998],/games/jeopardy-1998/n64-1998,3.8,Simulation,1998,2,25
Okay,NCAA March Madness '98,/games/ncaa-march-madness-98/ps-2292,6.5,Sports,1998,2,25
Bad,Shadow Master,/games/shadow-master/ps-2116,4,Action,1998,2,25
Good,Oddworld: Abe's Oddysee,/games/oddworld-abes-oddysee/ps-2094,7.5,Adventure,1997,9,22
Great,NHL '98,/games/nhl-98/ps-1732,8,Sports,1997,9,22
Great,Poy Poy,/games/poy-poy/ps-2104,8,Action,1997,9,18
Okay,Bottom of the 9th '97,/games/bottom-of-the-9th-97/ps-2025,6,Sports,1997,9,18
Bad,Magic: The Gathering -- Battlemage,/games/magic-the-gathering-battlemage/ps-321,4,Strategy,1997,9,17
Good,Steel Reign,/games/steel-reign/ps-2119,7,Action,1997,9,17
Good,Tecmo Stackers,/games/tecmo-stackers/ps-2123,7,Puzzle,1997,9,16
Okay,Multi Racing Championship,/games/multi-racing-championship/n64-1916,6.4,Racing,1997,9,11
Good,RayStorm,/games/g-darius-raystorm-pack/ps-2108,7.5,Action,1997,9,11
Awful,Hexen,/games/hexen/n64-1994,3.7,Action,1997,6,26
Okay,Battle Arena Toshinden 3,/games/battle-arena-toshinden-3/ps-2022,6.3,Fighting,1997,6,25
Good,WCW vs. NWO: World Tour,/games/wcw-vs-nwo-world-tour/n64-1985,7.5,Wrestling,1997,12,9
Painful,Spawn: The Eternal,/games/spawn-the-eternal/ps-324,2,Action,1997,12,9
Awful,Mortal Kombat Mythologies: Sub-Zero,/games/mortal-kombat-mythologies-sub-zero/n64-1914,3,Platformer,1997,12,8
Okay,Wheel of Fortune [1997],/games/wheel-of-fortune-n64/n64-1981,6.4,Puzzle,1997,12,5
Awful,Bug Riders,/games/bug-riders/ps-2027,3,Racing,1997,12,4
Good,Automobili Lamborghini,/games/automobili-lamborghini/n64-2002,7,Racing,1997,12,3
Awful,Excalibur 2555 AD,/games/excalibur-2555-ad/ps-2049,3,Action,1997,10,22
Great,Armored Core,/games/armored-core/ps-2020,8,Action,1997,10,22
Awful,ClayFighter 63 1/3,/games/clayfighter-63-13/n64-1940,3.7,Fighting,1997,10,21
Good,Persona,/games/persona/ps-2193,7.5,RPG,1997,10,20
Okay,Golden Nugget,/games/golden-nugget/ps-295,6,Strategy,1997,10,20
Great,Bushido Blade,/games/bushido-blade/ps-464,8.7,Fighting,1997,10,17
Good,Diablo,/games/diablo/ps-2255,7.5,"Action, RPG",1998,3,27
Great,Dead or Alive,/games/dead-or-alive-806438/ps-2306,8.5,Fighting,1998,3,27
Mediocre,Speed Racer,/games/speed-racer/ps-3662,5,Racing,1998,3,27
Okay,Lode Runner: The Legend Returns,/games/lode-runner-the-legend-returns/ps-2298,6,Action,1998,3,26
Good,Saga Frontier,/games/saga-frontier/ps-2114,7,RPG,1998,3,26
Painful,Rascal,/games/rascal/ps-2106,2,Platformer,1998,3,25
Great,Quake,/games/aftershock-for-quake/n64-397,8,Action,1998,3,24
Good,ReBoot,/games/reboot/ps-2109,7,Action,1998,3,19
Great,Snowboard Kids,/games/snowboard-kids/n64-2262,8,"Sports, Racing",1998,3,16
Good,Test Drive 4,/games/test-drive-4/ps-2143,7,Racing,1997,11,3
Mediocre,Fighting Force,/games/fighting-force/ps-2053,5.5,Action,1997,11,3
Bad,Jimmy Johnson's VR Football 98,/games/jimmy-johnsons-vr-football-98/ps-2069,4,Sports,1997,11,3
Okay,Reel Fishing,/games/reel-fishing-950449/ps-2111,6,Hunting,1997,10,30
Okay,Shipwreckers!,/games/shipwreckers-2097/ps-2097,6,Action,1997,10,29
Great,Command & Conquer: Red Alert,/games/command-and-conquer-red-alert/ps-2198,8,Strategy,1997,10,28
Mediocre,Rampage: World Tour,/games/rampage-world-tour/ps-2174,5,Action,1997,10,28
Great,Street Fighter EX Plus Alpha,/games/street-fighter-ex-plus/ps-2120,8.3,Fighting,1997,10,26
Good,Nightmare Creatures,/games/nightmare-creatures/ps-2091,7.8,Action,1997,10,26
Bad,NBA In the Zone '98,/games/nba-in-the-zone-98/n64-2265,4.7,Sports,1998,2,11
Bad,Nagano Winter Olympics '98,/games/nagano-winter-olympics-98/n64-2259,4.2,Sports,1998,2,4
Okay,Skullmonkeys,/games/skullmonkeys/ps-2175,6,Platformer,1998,2,3
Awful,Nagano Winter Olympics '98,/games/nagano-winter-olympics-98/ps-2293,3,Sports,1998,1,30
Great,NBA in the Zone '98,/games/nba-in-the-zone-98/ps-2214,8,Sports,1998,1,29
Great,Fighters Destiny,/games/fighters-destiny/n64-2168,8,Fighting,1998,1,27
Good,NHL Breakaway '98,/games/nhl-breakaway-98/ps-1863,7,Sports,1997,9,10
Good,Felony 11-79,/games/felony-11-79/ps-2052,7,"Racing, Action",1997,9,10
Good,Arcade's Greatest Hits: The Atari Collection 1,/games/arcades-greatest-hits-atari-collection-1/ps-9792,7,Compilation,1997,9,4
Okay,Tiger Shark,/games/tiger-shark/ps-522,6.5,Action,1997,9,4
Amazing,Final Fantasy VII,/games/final-fantasy-vii/ps-494,9.5,RPG,1997,9,3
Amazing,International Superstar Soccer 64,/games/international-superstar-soccer-64/n64-1996,9,Sports,1997,9,3
Bad,K-1 The Arena Fighters,/games/k-1-the-arena-fighters/ps-2070,4.5,Fighting,1997,9,3
Mediocre,The Incredible Hulk: The Pantheon Saga,/games/the-incredible-hulk-the-pantheon-saga/ps-570,5,Action,1997,9,2
Good,Duke Nukem: Total Meltdown,/games/duke-nukem-total-meltdown/ps-2194,7,Shooter,1997,12,2
Good,Bomberman 64,/games/bomberman-64/n64-1932,7.6,Action,1997,12,2
Bad,Vs.,/games/vs/ps-2130,4,Fighting,1997,12,2
Mediocre,AeroFighters Assault,/games/aerofighters-assault/n64-1918,5,Shooter,1997,12,1
Great,Ghost in the Shell,/games/ghost-in-the-shell/ps-619,8,Action,1997,12,1
Good,Arcade's Greatest Hits: The Midway Collection 2,/games/arcades-greatest-hits-the-midway-collection-2/ps-2208,7,Action,1997,11,26
Okay,Namco Museum Vol. 5,/games/namco-museum-vol-5/ps-2090,6,"Action, Compilation",1997,11,26
Great,Tomb Raider II Starring Lara Croft,/games/tomb-raider-2-starring-lara-croft/ps-2128,8,Adventure,1997,11,24
Great,Diddy Kong Racing,/games/diddy-kong-racing/n64-2146,8.4,"Racing, Action",1997,11,24
Great,G-Police,/games/g-police/ps-2160,8,Action,1997,10,16
Mediocre,Clock Tower,/games/clock-tower-14279453/ps-2032,5.5,Adventure,1997,10,13
Good,CART World Series,/games/cart-world-series/ps-2163,7,Racing,1997,10,9
Bad,Bravo Air Race,/games/bravo-air-race/ps-2026,4,Racing,1997,10,9
Okay,WCW vs. The World,/games/wcw-vs-the-world/ps-2131,6,Wrestling,1997,10,7
Good,Mace: The Dark Age,/games/mace-the-dark-age/n64-1906,7.1,Fighting,1997,10,3
Great,Top Gear Rally,/games/boss-rally/n64-417,8.4,Racing,1997,10,3
Great,NBA ShootOut '98,/games/nba-shootout-98/ps-2267,8.8,Sports,1998,3,11
Good,Yoshi's Story,/games/yoshis-story/n64-563,7,Platformer,1998,3,11
Great,Klonoa: Door to Phantomile,/games/klonoa/ps-2227,8,Platformer,1998,3,11
Good,Ray Tracers,/games/ray-tracers/ps-2107,7,Action,1998,3,10
Good,Triple Play '99,/games/triple-play-99/ps-2263,7,Sports,1998,3,10
Great,Bloody Roar,/games/bloody-roar/ps-2222,8,Fighting,1998,3,5
Awful,X-Men: Children of the Atom,/games/x-men-children-of-the-atom/ps-2331,3.5,Fighting,1998,3,3
Awful,SimCity 2000,/games/simcity-2000/n64-1950,3.5,Strategy,1998,2,27
Good,Extreme-G,/games/extreme-g/n64-1973,7.9,Racing,1997,10,24
Good,NFL Quarterback Club '98,/games/nfl-quarterback-club-98/n64-1921,7.8,Sports,1997,10,24
Great,Final Fantasy Tactics,/games/final-fantasy-tactics/ps-26,8.5,"Strategy, RPG",1998,1,27
Awful,Monopoly [1998],/games/monopoly-1998/ps-2280,3,Board,1998,1,23
Okay,Auto Destruct,/games/auto-destruct/ps-2177,6,Action,1998,1,21
Amazing,Resident Evil 2 [1998],/games/resident-evil-2/ps-504,9.3,"Action, Adventure",1998,1,21
Good,Riven: The Sequel to Myst,/games/riven/ps-2218,7,Adventure,1998,1,19
Good,WCW Nitro,/games/wcw-nitro/ps-2187,7,Wrestling,1998,1,16
Painful,Beast Wars: Transformers,/games/beast-wars-transformers-805694/ps-2270,2.3,Action,1998,1,16
Mediocre,Red Asphalt,/games/red-asphalt/ps-4,5,Action,1998,1,15
Great,Micro Machines V3,/games/micro-machines-64-turbo/ps-2220,8.7,Racing,1998,1,9
Okay,BallBlazer Champions,/games/ballblazer-champions/ps-2021,6,"Sports, Action",1997,9,2
Unbearable,Fantastic Four,/games/fantastic-four/ps-2051,1,Action,1997,8,29
Great,FIFA Road to World Cup 98,/games/fifa-road-to-world-cup-98/ps-2050,8.5,Sports,1997,11,24
Great,NCAA GameBreaker '98,/games/ncaa-gamebreaker-98/ps-2213,8,Sports,1997,11,21
Great,MDK,/games/mdk/ps-2076,8,Action,1997,11,21
Bad,NBA Fastbreak '98,/games/nba-fastbreak-98-142150/ps-13735,4,Sports,1997,11,20
Bad,Star Wars: Masters of Teras Kasi,/games/star-wars-masters-of-teras-kasi/ps-2118,4,Fighting,1997,11,19
Awful,Courier Crisis,/games/courier-crisis/ps-2036,3,Action,1997,11,19
Amazing,Monster Rancher,/games/monster-rancher/ps-2180,9,Simulation,1997,11,19
Amazing,Castlevania: Symphony of the Night,/games/castlevania-symphony-of-the-night/ps-336,9,"Action, Adventure",1997,10,2
Okay,Mischief Makers,/games/mischief-makers/n64-1917,6.2,Platformer,1997,10,1
Great,Croc: Legend of the Gobbos,/games/croc-legend-of-the-gobbos/ps-2039,8,Platformer,1997,10,1
Amazing,Formula 1: Championship Edition,/games/formula-1-championship-edition/ps-2056,9,Racing,1997,10,1
Awful,Mortal Kombat Mythologies: Sub-Zero,/games/mortal-kombat-mythologies-sub-zero/ps-2084,3.5,Platformer,1997,10,1
Good,Mega Man X4,/games/mega-man-x4/ps-2083,7,Action,1997,9,30
Good,PGA Tour '98,/games/pga-tour-98/ps-2162,7,Sports,1997,9,30
Great,Resident Evil: Director's Cut,/games/resident-evil-directors-cut/ps-2112,8.9,"Action, Adventure",1997,9,30
Good,Marvel Super Heroes,/games/marvel-super-heroes/ps-160,7,Fighting,1997,9,30
Good,NHL Breakaway '98,/games/nhl-breakaway-98/n64-1919,7.4,Sports,1998,2,26
Mediocre,Wayne Gretzky's 3D Hockey '98,/games/wayne-gretzkys-3d-hockey-98/n64-2169,5.8,Sports,1998,2,25
Great,Alundra,/games/alundra/ps-2018,8.5,"Action, RPG",1998,1,8
Okay,Robotron 64,/games/robotron-64/n64-1937,6.9,Action,1998,1,5
Good,Puyo Puyo Sun64,/games/puyo-puyo-sun/n64-2245,7.2,Puzzle,1997,12,30
Good,FIFA Road to World Cup 98,/games/fifa-road-to-world-cup-98/n64-2246,7.7,Sports,1997,12,24
Good,Street Fighter Collection,/games/street-fighter-collection/ps-2121,7,"Fighting, Compilation",1997,12,18
Okay,Chameleon Twist,/games/chameleon-twist/n64-1938,6.5,Platformer,1997,12,15
Mediocre,One,/games/one-66131/ps-2096,5,Action,1997,12,11
Amazing,Parappa The Rapper,/games/parappa-the-rapper/ps-490,9,Music,1997,11,18
Mediocre,Critical Depth,/games/critical-depth/ps-2038,5,Action,1997,11,18
Great,Intelligent Qube,/games/intelligent-qube/ps-2199,8,Puzzle,1997,11,17
Okay,Car and Driver Presents Grand Tour Racing 98,/games/car-and-driver-presents-grand-tour-racing-98/ps-2063,6,Racing,1997,9,29
Mediocre,Jersey Devil,/games/jersey-devil/ps-2067,5,Platformer,1998,6,17
Great,Wetrix,/games/wetrix/n64-2139,8.4,Puzzle,1998,6,15
Great,Soviet Strike,/games/soviet-strike/ps-525,8,Action,1998,6,12
Okay,X-Men vs. Street Fighter,/games/x-men-vs-street-fighter/ps-39,6,Fighting,1998,6,11
Mediocre,Quest 64,/games/quest-64-164875/n64-1995,5.9,RPG,1998,6,11
Mediocre,Road Rash 3D,/games/road-rash-3d/ps-2284,5,Racing,1998,6,11
Great,Vigilante 8,/games/vigilante-8/ps-2210,8,Action,1998,6,4
Great,Forsaken 64,/games/forsaken/n64-1988,8,Action,1998,6,3
Good,Major League Baseball Featuring Ken Griffey Jr.,/games/major-league-baseball-featuring-ken-griffey-jr/n64-421,7.7,Sports,1998,6,2
Great,All-Star Baseball '99,/games/all-star-baseball-99/n64-2275,8.2,Sports,1998,5,26
Great,Bust-A-Move 2 Arcade Edition,/games/bust-a-move-2-arcade-edition/n64-3606,8,Puzzle,1998,5,22
Mediocre,Aero Gauge,/games/aero-gauge/n64-2006,5.2,Racing,1998,5,21
Okay,Bio F.R.E.A.K.S.,/games/bio-freaks/ps-2318,6.5,Fighting,1998,5,21
Okay,Bio F.R.E.A.K.S.,/games/bio-freaks/n64-1924,6.4,Action,1998,5,20
Great,World Cup 98,/games/world-cup-98/n64-3533,8.8,Sports,1998,5,20
Good,Breath of Fire III,/games/breath-of-fire-iii/ps-448,7.5,RPG,1998,5,15
Great,Hot Shots Golf,/games/hot-shots-golf/ps-2273,8,"Sports, Action",1998,5,7
Good,Kobe Bryant in NBA Courtside,/games/kobe-bryant-in-nba-courtside/n64-2266,7.8,Sports,1998,4,27
Good,Mystical Ninja Starring Goemon,/games/mystical-ninja-starring-goemon-949069/n64-608,7.6,"Action, Adventure",1998,4,16
Good,Theme Hospital,/games/theme-hospital/ps-3747,7,Strategy,1998,4,15
Good,MLB '99,/games/mlb-99/ps-3748,7,Sports,1998,4,14
Mediocre,Blasto,/games/blasto/ps-2023,5,Action,1998,4,14
Great,Newman Haas Racing,/games/newman-haas-racing/ps-2216,8,Racing,1998,4,13
Great,Point Blank,/games/point-blank/ps-2102,8,Action,1998,4,13
Mediocre,Deathtrap Dungeon,/games/deathtrap-dungeon/ps-2042,5,Adventure,1998,4,3
Good,SWAT 2,/games/swat-2/pc-4024,7,"Action, Simulation",1998,8,11
Mediocre,Batman & Robin,/games/batman-robin/ps-2274,5,Action,1998,8,11
Mediocre,SEGA Touring Car Championship,/games/sega-touring-car-championship/pc-3661,5,Racing,1998,7,31
Okay,Fox Sports Golf '99,/games/fox-sports-golf-99/pc-3881,6,Sports,1998,7,31
Bad,Army Men,/games/army-men/pc-3782,4,Action,1998,7,31
Okay,Revenge of Arcade,/games/revenge-of-arcade/pc-3980,6,Action,1998,7,31
Bad,Dominion:  Storm Over Gift 3,/games/dominion-storm-over-gift-3/pc-3742,4,Strategy,1998,7,31
Great,Addiction Pinball,/games/addiction-pinball/pc-3831,8,Pinball,1998,7,30
Great,F-1 World Grand Prix,/games/f-1-world-grand-prix/n64-3535,8.3,Racing,1998,7,27
Okay,Mission: Impossible,/games/mission-impossible-808345/n64-29,6.6,Action,1998,7,20
Great,World Cup 98,/games/world-cup-98/ps-3532,8,Sports,1998,7,15
Mediocre,NFL Xtreme,/games/nfl-xtreme/ps-3528,5,"Sports, Action",1998,7,15
Okay,Granstream Saga,/games/granstream-saga/ps-2305,6,RPG,1998,7,14
Great,Forsaken,/games/forsaken/ps-2290,8,Action,1998,7,13
Okay,Grand Theft Auto,/games/grand-theft-auto-1/ps-151,6,Action,1998,7,10
Mediocre,Crime Killer,/games/crime-killer/ps-2173,5,Action,1998,7,2
Painful,Off-Road Challenge,/games/off-road-challenge/n64-2201,2.5,Racing,1998,7,2
Amazing,Banjo-Kazooie,/games/banjo-kazooie/n64-1922,9.6,Platformer,1998,6,30
Great,Mortal Kombat 4,/games/mortal-kombat-4/n64-1912,8.8,Fighting,1998,6,24
Great,Mortal Kombat 4,/games/mortal-kombat-4/ps-3723,8,Fighting,1998,6,24
Mediocre,Jeremy McGrath Supercross '98,/games/jeremy-mcgrath-supercross-98/ps-3915,5,Racing,1998,6,22
Great,N2O: Nitrous Oxide,/games/n2o-nitrous-oxide/ps-2328,8,Shooter,1998,6,18
Mediocre,Chopper Attack,/games/chopper-attack-140530/n64-3750,5.6,Action,1998,6,17
Unbearable,C: The Contra Adventure,/games/c-the-contra-adventure/ps-3773,1,Action,1998,9,16
Mediocre,Dune 2000,/games/dune-2000/pc-2330,5.3,Strategy,1998,9,16
Great,Future Cop: L.A.P.D.,/games/future-cop-lapd/ps-3923,8.3,Action,1998,9,16
Awful,M.A.X. 2,/games/max-2/pc-3829,3.7,Strategy,1998,9,15
Great,Mega Man Legends,/games/mega-man-legends/ps-2082,8.4,"Action, Adventure",1998,9,15
Good,Parasite Eve,/games/parasite-eve/ps-2228,7.4,RPG,1998,9,14
Good,MechCommander,/games/mechcommander/pc-3835,7.8,Strategy,1998,8,18
Painful,Pro Bass Fishing,/games/pro-bass-fishing/pc-4031,2.9,Hunting,1998,8,18
Good,WarGames,/games/wargames/pc-3963,7,Strategy,1998,8,18
Mediocre,Triple Play '99,/games/triple-play-99/pc-3137,5,Sports,1998,8,13
Good,High Heat Baseball 1999,/games/high-heat-baseball-1999/pc-3858,7,Sports,1998,8,13
Mediocre,Flesh Feast,/games/flesh-feast/pc-3636,5,Action,1998,8,13
Amazing,Grim Fandango,/games/grim-fandango/pc-3100,9.4,Adventure,1998,11,3
Good,Rally Cross 2,/games/rally-cross-2/ps-10396,7.5,Racing,1998,11,3
Good,Return Fire II,/games/return-fire-ii/pc-9953,7.8,Strategy,1998,11,2
Okay,Hedz,/games/hedz/pc-10460,6.5,Action,1998,11,2
Awful,Mike Piazza's StrikeZone,/games/mike-piazzas-strikezone/n64-2276,3,Sports,1998,6,17
Good,Virtual Chess 64,/games/virtual-chess-64/n64-2317,7.7,Board,1998,6,17
Amazing,Metal Gear Solid,/games/metal-gear-solid/ps-569,9.8,"Action, Adventure",1998,10,21
Good,NASCAR 99,/games/nascar-99/n64-3968,7,Racing,1998,10,21
Great,Kagero: Deception II,/games/kagero-deception-ii/ps-3716,8.5,Strategy,1998,10,20
Good,Red Jack: Revenge of the Brethren,/games/red-jack-revenge-of-the-brethren/pc-10369,7,Adventure,1998,10,20
Amazing,Xenogears,/games/xenogears/ps-2230,9.5,RPG,1998,10,20
Awful,Deadly Arts,/games/deadly-arts/n64-2172,3.2,Fighting,1998,10,19
Awful,GT 64 Championship Edition,/games/gt-64-championship-edition/n64-3749,3.9,Racing,1998,9,11
Amazing,NFL Blitz [1998],/games/nfl-blitz-1997/n64-2200,9.1,"Sports, Action",1998,9,11
Amazing,NFL Blitz [1998],/games/nfl-blitz-1997/ps-2285,9.4,"Sports, Action",1998,9,11
Good,NCAA Football '99,/games/ncaa-football-99/pc-10182,7,Sports,1998,9,11
Mediocre,Gex 64: Enter the Gecko,/games/gex-64-enter-the-gecko/n64-2291,5.7,Platformer,1998,9,10
Good,Incoming,/games/incoming/pc-2282,7,Action,1998,8,13
Bad,Deathtrap Dungeon,/games/deathtrap-dungeon/pc-4026,4.7,Action,1998,8,13
Okay,HardBall 6,/games/hardball-99/pc-3752,6,Sports,1998,8,13
Great,Forsaken,/games/forsaken/pc-3104,8.5,Action,1998,8,13
Okay,Urban Assault,/games/urban-assault/pc-3139,6.8,Strategy,1998,8,13
Good,Warhammer: Dark Omen,/games/warhammer-dark-omen/pc-3246,7,Strategy,1998,8,13
Good,Panzer Commander,/games/panzer-commander/pc-3691,7,Simulation,1998,8,13
Bad,Bio F.R.E.A.K.S.,/games/bio-freaks/pc-4032,4,Action,1998,8,13
Bad,Icarus: Sanctuary of the Gods,/games/icarus-sanctuary-of-the-gods/pc-4028,4,RPG,1998,8,12
Bad,Rosco McQueen: Firefighter Extreme,/games/rosco-mcqueen-firefighter-extreme/ps-10337,4.5,Action,1998,11,2
Okay,Cool Boarders 3,/games/cool-boarders-3/ps-10196,6,Sports,1998,10,30
Bad,Trespasser,/games/trespasser/pc-4037,4.7,Action,1998,10,30
Great,NCAA GameBreaker '99,/games/ncaa-gamebreaker-99/ps-10399,8.5,Sports,1998,10,29
Disaster,Extreme PaintBrawl,/games/extreme-paintbrawl/pc-10455,0.7,Action,1998,10,29
Good,Bushido Blade 2,/games/bushido-blade-2/ps-2333,7,Fighting,1998,10,28
Great,Front Office Football,/games/front-office-football/pc-10432,8,"Sports, Simulation",1998,10,28
Amazing,NHL '99,/games/ea-sports-mania-pack/pc-3987,9,Sports,1998,10,27
Amazing,F-Zero X,/games/f-zero-x/n64-418,9.1,Racing,1998,10,27
Good,Armored Core: Project Phantasma,/games/armored-core-project-phantasma/ps-9658,7.8,Action,1998,10,19
Good,Quake II Mission Pack: Ground Zero,/games/quake-ii-mission-pack-ground-zero/pc-3935,7.5,Shooter,1998,10,19
Good,Star Trek: The Next Generation: Klingon Honor Guard,/games/star-trek-the-next-generation-klingon-honor-guard/pc-3112,7,Shooter,1998,10,16
Mediocre,Team Losi RC Racer,/games/team-losi-rc-racer/ps-2327,5,Racing,1998,10,16
Great,Duke Nukem: Time to Kill,/games/duke-nukem-time-to-kill/ps-2314,8,Action,1998,10,15
Mediocre,Knights and Merchants: The Shattered Kingdom,/games/knights-and-merchants-the-shattered-kingdom/pc-3861,5.9,Strategy,1998,10,14
Okay,Iggy's Reckin' Balls,/games/iggys-reckin-balls/n64-2272,6.9,Platformer,1998,9,10
Great,Independence War,/games/independence-war/pc-3110,8,Simulation,1998,9,10
Amazing,Spyro the Dragon,/games/spyro-the-dragon/ps-3920,9,Platformer,1998,9,9
Amazing,Tom Clancy's Rainbow Six,/games/tom-clancys-rainbow-six/pc-3836,9.4,Shooter,1998,9,8
Good,Command & Conquer: Red Alert Retaliation,/games/command-and-conquer-red-alert-retaliation/ps-3785,7,Strategy,1998,9,8
Good,Heart of Darkness,/games/heart-of-darkness/ps-4033,7.8,Platformer,1998,9,8
Okay,NFL GameDay 99,/games/nfl-gameday-99/pc-10158,6,Sports,1998,9,4
Mediocre,Pro-Pinball: Timeshock!,/games/pro-pinball-timeshock/ps-10153,5,Pinball,1998,9,3
Great,Motocross Madness [1998],/games/motocross-madness/pc-3569,8,Racing,1998,9,2
Good,Sanitarium,/games/sanitarium/pc-3424,7,Adventure,1998,8,12
Good,Peter Jacobsen's Golden Tee Golf,/games/peter-jacobsens-golden-tee-golf/pc-3106,7.2,Sports,1998,8,12
Good,Ultim@te Race Pro,/games/ultimte-race-pro/pc-3630,7,Racing,1998,8,12
Awful,Nam,/games/nam/pc-4020,3,Action,1998,8,12
Amazing,Unreal,/games/unreal/pc-2189,9,Shooter,1998,8,12
Great,Final Fantasy VII,/games/final-fantasy-vii/pc-2301,8.2,RPG,1998,8,12
Okay,"Game, Net & Match",/games/game-net-match/pc-3955,6,Sports,1998,8,12
Amazing,"The Operational Art of War, Vol. 1",/games/the-operational-art-of-war-vol-1/pc-4021,9,Strategy,1998,8,12
Amazing,Might and Magic VI: The Mandate of Heaven,/games/might-and-magic-vi-the-mandate-of-heaven/pc-3546,9,RPG,1998,8,12
Mediocre,Test Drive Off-Road 2,/games/test-drive-off-road-2/ps-10309,5.8,Racing,1998,10,27
Great,Railroad Tycoon II,/games/railroad-tycoon-2-platinum-edition/pc-10174,8.9,Strategy,1998,10,27
Great,WCW/NWO Revenge,/games/wcwnwo-revenge/n64-3875,8,Wrestling,1998,10,26
Great,Rival Schools: United by Fate,/games/rival-schools-united-by-fate/ps-3739,8,Fighting,1998,10,26
Amazing,Space Station Silicon Valley,/games/space-station-silicon-valley/n64-1946,9.5,Platformer,1998,10,23
Mediocre,Cardinal Syn,/games/cardinal-syn/ps-3965,5.5,Fighting,1998,10,23
Great,NHL '99,/games/ea-sports-mania-pack/n64-3970,8.8,Sports,1998,10,14
Good,Need for Speed III: Hot Pursuit,/games/need-for-speed-iii-hot-pursuit/pc-3900,7.3,Racing,1998,10,13
Okay,Brunswick Circuit Pro Bowling,/games/brunswick-circuit-pro-bowling/pc-10176,6.8,Sports,1998,10,13
Good,Redline Racer,/games/redline-racer/pc-3125,7,Racing,1998,10,12
Okay,Ninja: Shadow of Darkness,/games/ninja-shadow-of-darkness/ps-2092,6.5,Action,1998,10,12
Great,Caesar III,/games/caesar-iii/pc-10142,8.7,Strategy,1998,10,8
Okay,Cruis'n World,/games/cruisn-world/n64-73,6.5,Racing,1998,10,8
Okay,Running Wild,/games/running-wild/ps-2113,6.1,Racing,1998,10,8
Good,Test Drive 5,/games/test-drive-5/ps-3928,7.5,Racing,1998,10,8
Mediocre,Bottom of the 9th '99,/games/bottom-of-the-9th-99/ps-10146,5,Sports,1998,9,2
Great,Warlords III: Darklords Rising,/games/warlords-iii-darklords-rising/pc-3942,8,Strategy,1998,9,2
Great,Commandos: Behind Enemy Lines,/games/commandos-behind-enemy-lines/pc-3853,8.2,Strategy,1998,9,1
Okay,Leisure Suit Larry's Casino,/games/leisure-suit-larrys-casino/pc-3884,6.2,Casino,1998,9,1
Good,Castrol Honda Superbike World Champions,/games/castrol-honda-superbike-world-champions-142679/pc-3595,7.5,Racing,1998,9,1
Great,WWF Warzone,/games/wwf-warzone/n64-1980,8.5,Wrestling,1998,8,12
Mediocre,Pro Pilot 99,/games/pro-pilot-99/pc-4019,5.8,Simulation,1998,10,23
Great,Body Harvest,/games/body-harvest/n64-405,8.4,Action,1998,10,22
Great,Madden NFL '99,/games/madden-football/pc-9982,8.5,Sports,1998,10,22
Good,MediEvil,/games/medievil/ps-3950,7.8,Action,1998,10,22
Good,Lemmings and Oh No! More Lemmings,/games/lemmings/ps-10302,7,Puzzle,1998,10,22
Great,Axis & Allies [1998],/games/axis-allies-1998/pc-9954,8.2,Strategy,1998,10,21
Good,The Game of Life [1998],/games/the-game-of-life-1998/pc-10306,7.2,Puzzle,1998,10,7
Good,Rogue Trip: Vacation 2012,/games/rogue-trip-vacation-2012/ps-3768,7.9,Action,1998,10,7
Okay,S.C.A.R.S.,/games/scars-809360/ps-9925,6.5,Racing,1998,10,7
Good,Bomberman World,/games/bomberman-world/ps-2297,7.8,Action,1998,10,7
Great,NFL Blitz [1998],/games/nfl-blitz-1997/pc-2286,8.5,"Sports, Action",1998,10,6
Okay,Dragon Seeds,/games/dragon-seeds/ps-10303,6.9,RPG,1998,10,6
Good,Jane's IAF -- Israeli Air Force,/games/janes-2-pack-usnf-97-iaf-israeli-air-force/pc-10178,7,"Flight, Simulation",1998,10,5
Amazing,Brunswick Circuit Pro Bowling,/games/brunswick-circuit-pro-bowling/ps-3791,9,Sports,1998,10,2
Okay,iF/A-18 Carrier Strike Fighter,/games/ifa-18-carrier-strike-fighter/pc-9946,6.8,Simulation,1998,10,1
Mediocre,The Fifth Element,/games/nyr-new-york-race/ps-3936,5,Action,1998,10,1
Okay,Get Medieval,/games/get-medieval/pc-3981,6.1,Action,1998,8,31
Bad,Sensible Soccer '98,/games/sensible-soccer-98/pc-3959,4.3,Sports,1998,8,31
Great,Wild 9,/games/wild-9/ps-1869,8.5,Action,1998,10,1
Great,TOCA Championship Racing,/games/toca-championship-racing/pc-3381,8.2,Racing,1998,9,30
Great,NHL FaceOff '99,/games/nhl-faceoff-99/ps-10240,8.8,Sports,1998,9,30
Good,NASCAR 99,/games/nascar-99/ps-3841,7.1,Racing,1998,9,30
Okay,Pool Hustler,/games/pool-hustler/ps-10238,6.7,Sports,1998,9,30
Good,Spearhead,/games/spearhead/pc-3132,7,Simulation,1998,9,29
Painful,Activision Classics,/games/activision-classics/ps-4023,2,Action,1998,9,29
Mediocre,Heart of Darkness,/games/heart-of-darkness/pc-2254,5.8,Platformer,1998,9,29
Great,NHL '99,/games/ea-sports-mania-pack/ps-10157,8.9,Sports,1998,9,29
Bad,Starship Titanic,/games/starship-titanic/pc-3133,4.9,Adventure,1998,8,31
Good,Tiger Woods '99,/games/pga-tour-golf-the-monterey-courses/pc-4006,7.8,Sports,1998,8,31
Good,X-COM: Interceptor,/games/x-com-interceptor/pc-3144,7,Action,1998,8,31
Bad,Super B-Daman Battle Phoenix 64,/games/super-b-daman-battle-phoenix-64/n64-4000,4,Action,1998,8,30
Mediocre,Pokemon Stadium [Japanese Version],/games/pokemon-stadium-jp-version/n64-3997,5,Battle,1998,8,30
Mediocre,Waialae Country Club: True Golf Classics,/games/waialae-country-club-true-golf-classics/n64-3825,5.8,Sports,1998,8,30
Good,NCAA Football '99,/games/ncaa-football-99-877941/ps-3843,7.8,Sports,1998,8,28
Amazing,NFL GameDay 99,/games/nfl-gameday-99/ps-4016,9.3,Sports,1998,8,28
Great,WWF Warzone,/games/wwf-warzone/ps-3730,8,Wrestling,1998,8,28
Amazing,Devil Dice,/games/devil-dice/ps-3896,9,Puzzle,1998,9,29
Great,Trap Gunner,/games/trap-gunner/ps-3864,8.9,Action,1998,9,28
Unbearable,Deep Sea Trophy Fishing,/games/deep-sea-trophy-fishing/pc-10224,1.8,Hunting,1998,9,28
Great,Unholy War,/games/unholy-war/ps-3911,8,Strategy,1998,9,28
Great,Madden NFL '99,/games/madden-football/n64-3844,8.5,Sports,1998,9,25
Mediocre,Industry Giant [1998],/games/industry-giant-1998/pc-3745,5,Strategy,1998,8,27
Great,Madden NFL '99,/games/madden-football/ps-3840,8.5,Sports,1998,8,26
Great,Turbo Prop Racing,/games/turbo-prop-racing/ps-3962,8,Racing,1998,8,24
Great,Tomba!,/games/tomba/ps-2260,8.7,Platformer,1998,8,24
Great,Elemental Gearbolt,/games/elemental-gearbolt/ps-2244,8.3,Action,1998,8,24
Good,Azure Dreams,/games/azure-dreams/ps-2224,7,RPG,1998,8,24
Painful,Spice World,/games/spice-world/ps-3954,2,Action,1998,8,24
Great,Gex: Enter the Gecko,/games/gex-64-enter-the-gecko/ps-2061,8,Platformer,1998,8,23
Great,Need for Speed III: Hot Pursuit,/games/need-for-speed-iii-hot-pursuit/ps-2231,8,Racing,1998,8,23
Great,Moto Racer 2,/games/moto-racer-2/ps-3898,8.7,Racing,1998,9,18
Great,Circuit Breakers [1998],/games/circuit-breakers/ps-3943,8,Racing,1998,9,18
Amazing,Tenchu: Stealth Assassins,/games/tenchu-shinobi-hyakusen/ps-2332,9,Action,1998,9,18
Great,G Darius,/games/g-darius/ps-3895,8,Shooter,1998,9,17
Okay,Bomberman Hero,/games/bomberman-hero/n64-3781,6,Platformer,1998,9,16
Amazing,Einhander,/games/einhander/ps-2048,9,Shooter,1998,8,23
Amazing,Gran Turismo [1998],/games/gran-turismo-1998/ps-2226,9.5,Racing,1998,8,23
Amazing,Tekken 3,/games/tekken-3/ps-2294,9.3,Fighting,1998,8,23
Okay,Vangers,/games/vangers/pc-3628,6.7,Action,1998,8,18
Great,Mortal Kombat 4,/games/mortal-kombat-4/pc-3940,8,Fighting,1998,8,18
Okay,Twisted Edge Extreme Snowboading,/games/twisted-edge-extreme-snowboading/n64-2007,6.8,Sports,1998,11,13
